object_id,family,object_sets,n_episodes,split
002_master_chef_can,002_master_chef_can,573,7,train
003_cracker_box,003_cracker_box,573_reused,16,test
004_sugar_box,004_sugar_box,573_reused,48,train
006_mustard_bottle,006_mustard_bottle,573_reused|focused_187,255,test
007_tuna_fish_can,007_tuna_fish_can,573_reused,9,val
008_pudding_box,008_pudding_box,573_reused,21,train
009_gelatin_box,009_gelatin_box,573_reused,3,train
010_potted_meat_can,010_potted_meat_can,573_reused,5,test
011_banana,011_banana,573_reused,22,train
012_strawberry,012_strawberry,573_reused,10,val
013_apple,013_apple,573_reused|focused_187,317,train
014_lemon,014_lemon,573_reused,17,test
015_peach,015_peach,573_reused|focused_187,195,train
016_pear,016_pear,573_reused|focused_187,231,val
017_orange,017_orange,573_reused|focused_187,300,val
018_plum,018_plum,573_reused|focused_187,113,train
019_pitcher_base,019_pitcher_base,573_reused,44,test
021_bleach_cleanser,021_bleach_cleanser,573_reused|focused_187,271,train
022_windex_bottle,022_windex_bottle,573_reused|focused_187,232,train
024_bowl,024_bowl,573_reused|focused_187,233,train
025_mug,025_mug,573_reused,18,test
026_sponge,026_sponge,573_reused,1,test
028_skillet_lid,028_skillet_lid,573_reused|focused_187,147,test
029_plate,029_plate,573_reused|focused_187,278,val
030_fork,030_fork,573_reused,2,train
031_spoon,031_spoon,573_reused,2,train
033_spatula,033_spatula,573_reused,20,train
035_power_drill,035_power_drill,573_reused,37,train
036_wood_block,036_wood_block,573,4,val
037_scissors,037_scissors,573_reused,7,test
038_padlock,038_padlock,573_reused,9,test
040_large_marker,040_large_marker,573,1,train
043_phillips_screwdriver,043_phillips_screwdriver,573_reused,7,train
044_flat_screwdriver,044_flat_screwdriver,573_reused,8,train
048_hammer,048_hammer,573|focused_187,286,test
050_medium_clamp,050_medium_clamp,573_reused,13,val
051_large_clamp,051_large_clamp,573_reused|focused_187,130,train
052_extra_large_clamp,052_extra_large_clamp,573_reused|focused_187,217,val
053_mini_soccer_ball,053_mini_soccer_ball,573,2,train
054_softball,054_softball,573,11,train
055_baseball,055_baseball,573_reused,42,test
057_racquetball,057_racquetball,573_reused,7,train
058_golf_ball,058_golf_ball,573_reused,3,train
061_foam_brick,061_foam_brick,573_reused|focused_187,205,train
065-a_cups,065_cups,573_reused|focused_187,149,train
065-b_cups,065_cups,573_reused|focused_187,148,train
065-c_cups,065_cups,573_reused|focused_187,269,train
065-d_cups,065_cups,573_reused|focused_187,311,train
065-e_cups,065_cups,573_reused|focused_187,316,train
065-f_cups,065_cups,573_reused|focused_187,323,train
065-g_cups,065_cups,573_reused|focused_187,183,train
065-h_cups,065_cups,573_reused,19,train
065-i_cups,065_cups,573_reused|focused_187,89,train
065-j_cups,065_cups,573_reused,11,train
070-b_colored_wood_blocks,070_colored_wood_blocks,573_reused,8,train
071_nine_hole_peg_test,071_nine_hole_peg_test,573,52,train
072-b_toy_airplane,072_toy_airplane,573_reused,36,train
072-c_toy_airplane,072_toy_airplane,573_reused|focused_187,118,train
072-d_toy_airplane,072_toy_airplane,573_reused,14,train
072-e_toy_airplane,072_toy_airplane,573_reused|focused_187,71,train
073-a_lego_duplo,073_lego_duplo,573_reused,19,val
073-b_lego_duplo,073_lego_duplo,573_reused,19,val
073-c_lego_duplo,073_lego_duplo,573_reused,20,val
073-d_lego_duplo,073_lego_duplo,573_reused|focused_187,190,val
073-e_lego_duplo,073_lego_duplo,573_reused,9,val
073-f_lego_duplo,073_lego_duplo,573_reused,17,val
077_rubiks_cube,077_rubiks_cube,573_reused|focused_187,274,train
3D_Dollhouse_Lamp,3D_Dollhouse_Lamp,573|focused_187,237,val
3D_Dollhouse_Refrigerator,3D_Dollhouse_Refrigerator,573,9,test
3D_Dollhouse_Sink,3D_Dollhouse_Sink,573,20,train
3D_Dollhouse_Sofa,3D_Dollhouse_Sofa,573,23,train
3D_Dollhouse_Swing,3D_Dollhouse_Swing,573,12,train
3D_Dollhouse_TablePurple,3D_Dollhouse_TablePurple,573|focused_187,271,train
3M_Antislip_Surfacing_Light_Duty_White,3M_Antislip_Surfacing_Light_Duty_White,573,15,train
3M_Vinyl_Tape_Green_1_x_36_yd,3M_Vinyl_Tape_Green_1_x_36_yd,573,21,test
45oz_RAMEKIN_ASST_DEEP_COLORS,45oz_RAMEKIN_ASST_DEEP_COLORS,573|B_vessels,128,train
5_HTP,5_HTP,573|focused_187,260,train
ACE_Coffee_Mug_Kristen_16_oz_cup,ACE_Coffee_Mug_Kristen_16_oz_cup,573|focused_187,80,val
AllergenFree_JarroDophilus,AllergenFree_JarroDophilus,573|focused_187,264,train
Android_Figure_Chrome,Android_Figure_Chrome,573|focused_187,190,val
Android_Figure_Orange,Android_Figure_Orange,573,29,train
Android_Figure_Panda,Android_Figure_Panda,573,26,train
Android_Lego,Android_Lego,573,1,train
Apples_to_Apples_Kids_Edition,Apples_to_Apples_Kids_Edition,573,40,test
Arm_Hammer_Diaper_Pail_Refills_12_Pack_MFWkmoweejt,Arm_Hammer_Diaper_Pail_Refills_12_Pack_MFWkmoweejt,573,5,val
Aroma_Stainless_Steel_Milk_Frother_2_Cup,Aroma_Stainless_Steel_Milk_Frother_2_Cup,573|B_vessels,177,train
Asus_80211ac_DualBand_Gigabit_Wireless_Router_RTAC68R,Asus_80211ac_DualBand_Gigabit_Wireless_Router_RTAC68R,573,29,train
Asus_M5A78LMUSB3_Motherboard_Micro_ATX_Socket_AM3,Asus_M5A78LMUSB3_Motherboard_Micro_ATX_Socket_AM3,573|focused_187,181,train
Asus_M5A99FX_PRO_R20_Motherboard_ATX_Socket_AM3,Asus_M5A99FX_PRO_R20_Motherboard_ATX_Socket_AM3,573|focused_187,152,train
Asus_Sabertooth_990FX_20_Motherboard_ATX_Socket_AM3,Asus_Sabertooth_990FX_20_Motherboard_ATX_Socket_AM3,573,27,train
Asus_Sabertooth_Z97_MARK_1_Motherboard_ATX_LGA1150_Socket,Asus_Sabertooth_Z97_MARK_1_Motherboard_ATX_LGA1150_Socket,573,24,test
Asus_X99Deluxe_Motherboard_ATX_LGA2011v3_Socket,Asus_X99Deluxe_Motherboard_ATX_LGA2011v3_Socket,573,34,train
Asus_Z87PRO_Motherboard_ATX_LGA1150_Socket,Asus_Z87PRO_Motherboard_ATX_LGA1150_Socket,573|focused_187,162,train
Asus_Z97AR_LGA_1150_Intel_ATX_Motherboard,Asus_Z97AR_LGA_1150_Intel_ATX_Motherboard,573,26,test
Asus_Z97IPLUS_Motherboard_Mini_ITX_LGA1150_Socket,Asus_Z97IPLUS_Motherboard_Mini_ITX_LGA1150_Socket,573,23,train
Avengers_Thor_PLlrpYniaeB,Avengers_Thor_PLlrpYniaeB,573,3,test
BIA_Cordon_Bleu_White_Porcelain_Utensil_Holder_900028,BIA_Cordon_Bleu_White_Porcelain_Utensil_Holder_900028,573,8,test
BIA_Porcelain_Ramekin_With_Glazed_Rim_35_45_oz_cup,BIA_Porcelain_Ramekin_With_Glazed_Rim_35_45_oz_cup,573,29,val
Balderdash_Game,Balderdash_Game,573|focused_187,206,test
Beetle_Adventure_Racing_Nintendo_64,Beetle_Adventure_Racing_Nintendo_64,573,18,val
Beta_Glucan,Beta_Glucan,573|focused_187,277,train
Bifidus_Balance_FOS,Bifidus_Balance_FOS,573|focused_187,265,train
Big_O_Sponges_Assorted_Cellulose_12_pack,Big_O_Sponges_Assorted_Cellulose_12_pack,573,6,train
BlackBlack_Nintendo_3DSXL,BlackBlack_Nintendo_3DSXL,573,26,train
Black_Elderberry_Syrup_54_oz_Gaia_Herbs,Black_Elderberry_Syrup_54_oz_Gaia_Herbs,573|focused_187,306,test
Black_Forest_Fruit_Snacks_28_Pack_Grape,Black_Forest_Fruit_Snacks_28_Pack_Grape,573,21,train
Black_Forest_Fruit_Snacks_Juicy_Filled_Centers_10_pouches_9_oz_total,Black_Forest_Fruit_Snacks_Juicy_Filled_Centers_10_pouches_9_oz_total,573|focused_187,205,train
Black_and_Decker_PBJ2000_FusionBlade_Blender_Jars,Black_and_Decker_PBJ2000_FusionBlade_Blender_Jars,573,26,train
Black_and_Decker_TR3500SD_2Slice_Toaster,Black_and_Decker_TR3500SD_2Slice_Toaster,573,53,train
Blackcurrant_Lutein,Blackcurrant_Lutein,573|focused_187,274,train
BlueBlack_Nintendo_3DSXL,BlueBlack_Nintendo_3DSXL,573,28,train
Blue_Jasmine_Includes_Digital_Copy_UltraViolet_DVD,Blue_Jasmine_Includes_Digital_Copy_UltraViolet_DVD,573,5,train
Borage_GLA240Gamma_Tocopherol,Borage_GLA240Gamma_Tocopherol,573|focused_187,305,val
Bradshaw_International_11642_7_Qt_MP_Plastic_Bowl,Bradshaw_International_11642_7_Qt_MP_Plastic_Bowl,573|B_vessels,137,val
Brisk_Iced_Tea_Lemon_12_12_fl_oz_355_ml_cans_144_fl_oz_426_lt,Brisk_Iced_Tea_Lemon_12_12_fl_oz_355_ml_cans_144_fl_oz_426_lt,573,51,val
Brother_Ink_Cartridge_Magenta_LC75M,Brother_Ink_Cartridge_Magenta_LC75M,573|focused_187,145,train
Brother_LC_1053PKS_Ink_Cartridge_CyanMagentaYellow_1pack,Brother_LC_1053PKS_Ink_Cartridge_CyanMagentaYellow_1pack,573|focused_187,70,train
Brother_Printing_Cartridge_PC501,Brother_Printing_Cartridge_PC501,573,32,val
Calphalon_Kitchen_Essentials_12_Cast_Iron_Fry_Pan_Black,Calphalon_Kitchen_Essentials_12_Cast_Iron_Fry_Pan_Black,573|B_vessels,78,train
Canon_225226_Ink_Cartridges_BlackColor_Cyan_Magenta_Yellow_6_count,Canon_225226_Ink_Cartridges_BlackColor_Cyan_Magenta_Yellow_6_count,573,32,val
Canon_Ink_Cartridge_Green_6,Canon_Ink_Cartridge_Green_6,573|focused_187,104,train
Canon_Pixma_Chromalife_100_Magenta_8,Canon_Pixma_Chromalife_100_Magenta_8,573,14,test
Canon_Pixma_Ink_Cartridge_251_M,Canon_Pixma_Ink_Cartridge_251_M,573,8,test
Canon_Pixma_Ink_Cartridge_8,Canon_Pixma_Ink_Cartridge_8,573,10,train
Canon_Pixma_Ink_Cartridge_8_Green,Canon_Pixma_Ink_Cartridge_8_Green,573,15,train
Canon_Pixma_Ink_Cartridge_8_Red,Canon_Pixma_Ink_Cartridge_8_Red,573,14,test
Canon_Pixma_Ink_Cartridge_Cyan_251,Canon_Pixma_Ink_Cartridge_Cyan_251,573,8,train
Central_Garden_Flower_Pot_Goo_425,Central_Garden_Flower_Pot_Goo_425,573,11,test
Chef_Style_Round_Cake_Pan_9_inch_pan,Chef_Style_Round_Cake_Pan_9_inch_pan,573|B_vessels,48,train
Chefmate_8_Frypan,Chefmate_8_Frypan,573|B_vessels,147,test
Closetmaid_Premium_Fabric_Cube_Red,Closetmaid_Premium_Fabric_Cube_Red,573,21,test
Clue_Board_Game_Classic_Edition,Clue_Board_Game_Classic_Edition,573|focused_187,360,train
CoQ10,CoQ10,573|focused_187,171,test
CoQ10_BjTLbuRVt1t,CoQ10_BjTLbuRVt1t,573|focused_187,176,train
CoQ10_wSSVoxVppVD,CoQ10_wSSVoxVppVD,573|focused_187,163,train
Cole_Hardware_Antislip_Surfacing_Material_White,Cole_Hardware_Antislip_Surfacing_Material_White,573,45,val
Cole_Hardware_Antislip_Surfacing_White_2_x_60,Cole_Hardware_Antislip_Surfacing_White_2_x_60,573,35,train
Cole_Hardware_Bowl_Scirocco_YellowBlue,Cole_Hardware_Bowl_Scirocco_YellowBlue,573|B_vessels,53,train
Cole_Hardware_Butter_Dish_Square_Red,Cole_Hardware_Butter_Dish_Square_Red,573|B_vessels,156,train
Cole_Hardware_Deep_Bowl_Good_Earth_1075,Cole_Hardware_Deep_Bowl_Good_Earth_1075,573|B_vessels,95,train
Cole_Hardware_Electric_Pot_Assortment_55,Cole_Hardware_Electric_Pot_Assortment_55,573,5,train
Cole_Hardware_Electric_Pot_Cabana_55,Cole_Hardware_Electric_Pot_Cabana_55,573,5,train
Cole_Hardware_Flower_Pot_1025,Cole_Hardware_Flower_Pot_1025,573,5,test
Cole_Hardware_Hammer_Black,Cole_Hardware_Hammer_Black,573|focused_187,201,train
Cole_Hardware_Mini_Honey_Dipper,Cole_Hardware_Mini_Honey_Dipper,573,1,train
Cole_Hardware_Mug_Classic_Blue,Cole_Hardware_Mug_Classic_Blue,573,20,train
Cole_Hardware_Orchid_Pot_85,Cole_Hardware_Orchid_Pot_85,573,5,test
Cole_Hardware_Plant_Saucer_Brown_125,Cole_Hardware_Plant_Saucer_Brown_125,573|B_vessels,21,val
Cole_Hardware_Plant_Saucer_Glazed_9,Cole_Hardware_Plant_Saucer_Glazed_9,573|B_vessels,134,test
Cole_Hardware_Saucer_Electric,Cole_Hardware_Saucer_Electric,573|B_vessels,279,val
Cole_Hardware_Saucer_Glazed_6,Cole_Hardware_Saucer_Glazed_6,573|B_vessels,252,train
Cole_Hardware_School_Bell_Solid_Brass_38,Cole_Hardware_School_Bell_Solid_Brass_38,573,67,test
Connect_4_Launchers,Connect_4_Launchers,573,27,test
Cootie_Game_tDhURNbfU5J,Cootie_Game_tDhURNbfU5J,573,24,train
Corningware_CW_by_Corningware_3qt_Oblong_Casserole_Dish_Blue,Corningware_CW_by_Corningware_3qt_Oblong_Casserole_Dish_Blue,573|B_vessels,86,train
Craftsman_Grip_Screwdriver_Phillips_Cushion,Craftsman_Grip_Screwdriver_Phillips_Cushion,573,8,val
Crayola_Bonus_64_Crayons,Crayola_Bonus_64_Crayons,573,46,val
Crayola_Crayons_120_crayons,Crayola_Crayons_120_crayons,573|focused_187,146,train
Crayola_Crayons_24_count,Crayola_Crayons_24_count,573|focused_187,108,train
Crayola_Crayons_Washable_24_crayons,Crayola_Crayons_Washable_24_crayons,573,26,train
Crayola_Model_Magic_Modeling_Material_Single_Packs_6_pack_05_oz_packs,Crayola_Model_Magic_Modeling_Material_Single_Packs_6_pack_05_oz_packs,573|focused_187,178,test
Crayola_Model_Magic_Modeling_Material_White_3_oz,Crayola_Model_Magic_Modeling_Material_White_3_oz,573|focused_187,138,train
Crayola_Washable_Fingerpaint_Red_Blue_Yellow_3_count_8_fl_oz_bottes_each,Crayola_Washable_Fingerpaint_Red_Blue_Yellow_3_count_8_fl_oz_bottes_each,573,20,train
Crayola_Washable_Sidewalk_Chalk_16_pack,Crayola_Washable_Sidewalk_Chalk_16_pack,573,7,test
Crayola_Washable_Sidewalk_Chalk_16_pack_wDZECiw7J6s,Crayola_Washable_Sidewalk_Chalk_16_pack_wDZECiw7J6s,573,6,train
Creatine_Monohydrate,Creatine_Monohydrate,573,15,train
Crosley_Alarm_Clock_Vintage_Metal,Crosley_Alarm_Clock_Vintage_Metal,573|focused_187,203,val
Crunch_Girl_Scouts_Candy_Bars_Peanut_Butter_Creme_78_oz_box,Crunch_Girl_Scouts_Candy_Bars_Peanut_Butter_Creme_78_oz_box,573|focused_187,72,train
Curver_Storage_Bin_Black_Small,Curver_Storage_Bin_Black_Small,573,1,val
DIM_CDG,DIM_CDG,573,29,val
Dell_Ink_Cartridge,Dell_Ink_Cartridge,573|focused_187,216,train
Dell_Ink_Cartridge_Yellow_31,Dell_Ink_Cartridge_Yellow_31,573|focused_187,113,test
Dell_Series_9_Color_Ink_Cartridge_MK993_High_Yield,Dell_Series_9_Color_Ink_Cartridge_MK993_High_Yield,573|focused_187,204,train
Deskstar_Desk_Top_Hard_Drive_1_TB,Deskstar_Desk_Top_Hard_Drive_1_TB,573,17,test
Diamond_Visions_Scissors_Red,Diamond_Visions_Scissors_Red,573,9,train
Diet_Pepsi_Soda_Cola12_Pack_12_oz_Cans,Diet_Pepsi_Soda_Cola12_Pack_12_oz_Cans,573,33,val
Don_Franciscos_Gourmet_Coffee_Medium_Decaf_100_Colombian_12_oz_340_g,Don_Franciscos_Gourmet_Coffee_Medium_Decaf_100_Colombian_12_oz_340_g,573,14,train
Down_To_Earth_Ceramic_Orchid_Pot_Asst_Blue,Down_To_Earth_Ceramic_Orchid_Pot_Asst_Blue,573,3,train
Down_To_Earth_Orchid_Pot_Ceramic_Red,Down_To_Earth_Orchid_Pot_Ceramic_Red,573,9,train
Eat_to_Live_The_Amazing_NutrientRich_Program_for_Fast_and_Sustained_Weight_Loss_Revised_Edition_Book,Eat_to_Live_The_Amazing_NutrientRich_Program_for_Fast_and_Sustained_Weight_Loss_Revised_Edition_Book,573|focused_187,239,train
Ecoforms_Cup_B4_SAN,Ecoforms_Cup_B4_SAN,573|B_vessels,27,test
Ecoforms_Garden_Pot_GP16ATurquois,Ecoforms_Garden_Pot_GP16ATurquois,573,15,train
Ecoforms_Plant_Bowl_Atlas_Low,Ecoforms_Plant_Bowl_Atlas_Low,573|B_vessels,29,test
Ecoforms_Plant_Bowl_Turquoise_7,Ecoforms_Plant_Bowl_Turquoise_7,573|B_vessels,112,train
Ecoforms_Plant_Container_12_Pot_Nova,Ecoforms_Plant_Container_12_Pot_Nova,573,12,train
Ecoforms_Plant_Container_B4_Har,Ecoforms_Plant_Container_B4_Har,573,6,train
Ecoforms_Plant_Container_FB6_Tur,Ecoforms_Plant_Container_FB6_Tur,573,10,train
Ecoforms_Plant_Container_GP16AMOCHA,Ecoforms_Plant_Container_GP16AMOCHA,573,9,val
Ecoforms_Plant_Container_GP16A_Coral,Ecoforms_Plant_Container_GP16A_Coral,573,12,val
Ecoforms_Plant_Container_QP6CORAL,Ecoforms_Plant_Container_QP6CORAL,573,2,test
Ecoforms_Plant_Container_QP6HARVEST,Ecoforms_Plant_Container_QP6HARVEST,573,2,val
Ecoforms_Plant_Container_QP_Harvest,Ecoforms_Plant_Container_QP_Harvest,573,9,val
Ecoforms_Plant_Container_QP_Turquoise,Ecoforms_Plant_Container_QP_Turquoise,573,7,test
Ecoforms_Plant_Container_Quadra_Turquoise_QP12,Ecoforms_Plant_Container_Quadra_Turquoise_QP12,573,8,test
Ecoforms_Plant_Container_S14Turquoise,Ecoforms_Plant_Container_S14Turquoise,573,38,test
Ecoforms_Plant_Container_S24NATURAL,Ecoforms_Plant_Container_S24NATURAL,573,31,train
Ecoforms_Plant_Container_S24Turquoise,Ecoforms_Plant_Container_S24Turquoise,573|focused_187,155,val
Ecoforms_Plant_Container_SB9Turquoise,Ecoforms_Plant_Container_SB9Turquoise,573,19,test
Ecoforms_Plant_Container_URN_NAT,Ecoforms_Plant_Container_URN_NAT,573,7,train
Ecoforms_Plant_Container_URN_SAN,Ecoforms_Plant_Container_URN_SAN,573,7,train
Ecoforms_Plant_Container_Urn_55_Avocado,Ecoforms_Plant_Container_Urn_55_Avocado,573,8,test
Ecoforms_Plant_Container_Urn_55_Mocha,Ecoforms_Plant_Container_Urn_55_Mocha,573,4,test
Ecoforms_Plant_Plate_S11Turquoise,Ecoforms_Plant_Plate_S11Turquoise,573|B_vessels,181,train
Ecoforms_Plant_Pot_GP9AAvocado,Ecoforms_Plant_Pot_GP9AAvocado,573|focused_187,160,train
Ecoforms_Plant_Pot_GP9_SAND,Ecoforms_Plant_Pot_GP9_SAND,573,28,val
Ecoforms_Plant_Saucer_S14MOCHA,Ecoforms_Plant_Saucer_S14MOCHA,573|B_vessels,279,test
Ecoforms_Plant_Saucer_S14NATURAL,Ecoforms_Plant_Saucer_S14NATURAL,573|B_vessels,278,train
Ecoforms_Plant_Saucer_S17MOCHA,Ecoforms_Plant_Saucer_S17MOCHA,573|B_vessels,275,train
Ecoforms_Plant_Saucer_S20MOCHA,Ecoforms_Plant_Saucer_S20MOCHA,573|B_vessels,255,test
Ecoforms_Plant_Saucer_SQ1HARVEST,Ecoforms_Plant_Saucer_SQ1HARVEST,573|B_vessels,89,test
Ecoforms_Plant_Saucer_SQ8COR,Ecoforms_Plant_Saucer_SQ8COR,573|B_vessels,49,test
Ecoforms_Planter_Bowl_Cole_Hardware,Ecoforms_Planter_Bowl_Cole_Hardware,573|B_vessels,104,test
Ecoforms_Planter_Pot_GP12AAvocado,Ecoforms_Planter_Pot_GP12AAvocado,573|B_vessels,102,train
Ecoforms_Planter_Pot_QP6Ebony,Ecoforms_Planter_Pot_QP6Ebony,573|B_vessels,11,train
Ecoforms_Plate_S20Avocado,Ecoforms_Plate_S20Avocado,573|B_vessels,204,val
Ecoforms_Pot_Nova_6_Turquoise,Ecoforms_Pot_Nova_6_Turquoise,573,4,train
Ecoforms_Quadra_Saucer_SQ1_Avocado,Ecoforms_Quadra_Saucer_SQ1_Avocado,573|B_vessels,81,train
Ecoforms_Saucer_SQ3_Turquoise,Ecoforms_Saucer_SQ3_Turquoise,573|B_vessels,15,train
Epson_273XL_Ink_Cartridge_Magenta,Epson_273XL_Ink_Cartridge_Magenta,573,23,train
Epson_DURABrite_Ultra_786_Black_Ink_Cartridge_T786120S,Epson_DURABrite_Ultra_786_Black_Ink_Cartridge_T786120S,573|focused_187,84,train
Epson_Ink_Cartridge_126_Yellow,Epson_Ink_Cartridge_126_Yellow,573,13,train
Epson_Ink_Cartridge_Black_200,Epson_Ink_Cartridge_Black_200,573,30,train
Epson_LabelWorks_LC4WBN9_Tape_reel_labels_047_x_295_Roll_Black_on_White,Epson_LabelWorks_LC4WBN9_Tape_reel_labels_047_x_295_Roll_Black_on_White,573,12,train
Epson_LabelWorks_LC5WBN9_Tape_reel_labels_071_x_295_Roll_Black_on_White,Epson_LabelWorks_LC5WBN9_Tape_reel_labels_071_x_295_Roll_Black_on_White,573,11,train
Epson_T5803_Ink_Cartridge_Magenta_1pack,Epson_T5803_Ink_Cartridge_Magenta_1pack,573,16,train
Epson_UltraChrome_T0543_Ink_Cartridge_Magenta_1pack,Epson_UltraChrome_T0543_Ink_Cartridge_Magenta_1pack,573,8,train
Epson_UltraChrome_T0548_Ink_Cartridge_Matte_Black_1pack,Epson_UltraChrome_T0548_Ink_Cartridge_Matte_Black_1pack,573|focused_187,255,train
FemDophilus,FemDophilus,573|focused_187,316,train
Final_Fantasy_XIV_A_Realm_Reborn_60Day_Subscription,Final_Fantasy_XIV_A_Realm_Reborn_60Day_Subscription,573|focused_187,200,test
Firefly_Clue_Board_Game,Firefly_Clue_Board_Game,573|focused_187,186,train
FisherPrice_Make_A_Match_Game_Thomas_Friends,FisherPrice_Make_A_Match_Game_Thomas_Friends,573|focused_187,136,val
Folic_Acid,Folic_Acid,573|focused_187,193,train
Footed_Bowl_Sand,Footed_Bowl_Sand,573|B_vessels,69,test
Fresca_Peach_Citrus_Sparkling_Flavored_Soda_12_PK,Fresca_Peach_Citrus_Sparkling_Flavored_Soda_12_PK,573,43,train
Frozen_Olafs_In_Trouble_PopOMatic_Game,Frozen_Olafs_In_Trouble_PopOMatic_Game,573,25,test
Frozen_Scrabble_Jr,Frozen_Scrabble_Jr,573|focused_187,213,test
Fujifilm_instax_SHARE_SP1_10_photos,Fujifilm_instax_SHARE_SP1_10_photos,573,51,train
Full_Circle_Happy_Scraps_Out_Collector_Gray,Full_Circle_Happy_Scraps_Out_Collector_Gray,573,2,train
Germanium_GE132,Germanium_GE132,573|focused_187,236,train
Gigabyte_GA78LMTUSB3_50_Motherboard_Micro_ATX_Socket_AM3,Gigabyte_GA78LMTUSB3_50_Motherboard_Micro_ATX_Socket_AM3,573|focused_187,150,train
Gigabyte_GA970AUD3P_10_Motherboard_ATX_Socket_AM3,Gigabyte_GA970AUD3P_10_Motherboard_ATX_Socket_AM3,573,28,train
Gigabyte_GAZ97XSLI_10_motherboard_ATX_LGA1150_Socket_Z97,Gigabyte_GAZ97XSLI_10_motherboard_ATX_LGA1150_Socket_Z97,573,36,test
Google_Cardboard_Original_package,Google_Cardboard_Original_package,573,13,train
Granimals_20_Wooden_ABC_Blocks_Wagon,Granimals_20_Wooden_ABC_Blocks_Wagon,573|focused_187,200,val
Granimals_20_Wooden_ABC_Blocks_Wagon_85VdSftGsLi,Granimals_20_Wooden_ABC_Blocks_Wagon_85VdSftGsLi,573,9,train
Granimals_20_Wooden_ABC_Blocks_Wagon_g2TinmUGGHI,Granimals_20_Wooden_ABC_Blocks_Wagon_g2TinmUGGHI,573|focused_187,248,test
Great_Dinos_Triceratops_Toy,Great_Dinos_Triceratops_Toy,573,19,train
Grreat_Choice_Dog_Double_Dish_Plastic_Blue,Grreat_Choice_Dog_Double_Dish_Plastic_Blue,573|B_vessels,55,val
Grreatv_Choice_Dog_Bowl_Gray_Bones_Plastic_20_fl_oz_total,Grreatv_Choice_Dog_Bowl_Gray_Bones_Plastic_20_fl_oz_total,573|B_vessels,50,test
HP_1800_Tablet_8GB_7,HP_1800_Tablet_8GB_7,573,5,train
HP_Card_Invitation_Kit,HP_Card_Invitation_Kit,573,37,val
Hasbro_Cranium_Performance_and_Acting_Game,Hasbro_Cranium_Performance_and_Acting_Game,573|focused_187,225,train
Hasbro_Dont_Wake_Daddy_Board_Game,Hasbro_Dont_Wake_Daddy_Board_Game,573,27,train
Hasbro_Life_Board_Game,Hasbro_Life_Board_Game,573|focused_187,178,train
Hasbro_Monopoly_Hotels_Game,Hasbro_Monopoly_Hotels_Game,573|focused_187,121,test
Hasbro_Trivial_Pursuit_Family_Edition_Game,Hasbro_Trivial_Pursuit_Family_Edition_Game,573|focused_187,183,test
HeavyDuty_Flashlight,HeavyDuty_Flashlight,573,81,test
Hefty_Waste_Basket_Decorative_Bronze_85_liter,Hefty_Waste_Basket_Decorative_Bronze_85_liter,573,4,test
Hey_You_Pikachu_Nintendo_64,Hey_You_Pikachu_Nintendo_64,573,20,val
House_of_Cards_The_Complete_First_Season_4_Discs_DVD,House_of_Cards_The_Complete_First_Season_4_Discs_DVD,573|focused_187,299,train
Hyaluronic_Acid,Hyaluronic_Acid,573,37,val
HyperX_Cloud_II_Headset_Gun_Metal,HyperX_Cloud_II_Headset_Gun_Metal,573,54,train
HyperX_Cloud_II_Headset_Red,HyperX_Cloud_II_Headset_Red,573,42,train
INTERNATIONAL_PAPER_Willamette_4_Brown_Bag_500Count,INTERNATIONAL_PAPER_Willamette_4_Brown_Bag_500Count,573,52,train
Inositol,Inositol,573|focused_187,311,val
IsoRich_Soy,IsoRich_Soy,573,16,val
JBL_Charge_Speaker_portable_wireless_wired_Green,JBL_Charge_Speaker_portable_wireless_wired_Green,573|focused_187,286,val
JarroDophilusFOS_Value_Size,JarroDophilusFOS_Value_Size,573|focused_187,341,train
JarroSil_Activated_Silicon,JarroSil_Activated_Silicon,573|focused_187,292,train
JarroSil_Activated_Silicon_5exdZHIeLAp,JarroSil_Activated_Silicon_5exdZHIeLAp,573|focused_187,284,train
Jarrow_Formulas_Glucosamine_Hci_Mega_1000_100_ct,Jarrow_Formulas_Glucosamine_Hci_Mega_1000_100_ct,573|focused_187,316,train
Jarrow_Glucosamine_Chondroitin_Combination_120_Caps,Jarrow_Glucosamine_Chondroitin_Combination_120_Caps,573|focused_187,358,train
Just_For_Men_Mustache_Beard_Brushin_Hair_Color_Gel_Kit_Jet_Black_M60,Just_For_Men_Mustache_Beard_Brushin_Hair_Color_Gel_Kit_Jet_Black_M60,573|focused_187,246,train
Just_For_Men_Mustache_Beard_Brushin_Hair_Color_Gel_MediumDark_Brown_M40,Just_For_Men_Mustache_Beard_Brushin_Hair_Color_Gel_MediumDark_Brown_M40,573|focused_187,198,train
Just_For_Men_ShampooIn_Haircolor_Jet_Black_60,Just_For_Men_ShampooIn_Haircolor_Jet_Black_60,573,29,test
Just_For_Men_ShampooIn_Haircolor_Light_Brown_25,Just_For_Men_ShampooIn_Haircolor_Light_Brown_25,573,28,test
Just_For_Men_Shampoo_In_Haircolor_Darkest_Brown_50,Just_For_Men_Shampoo_In_Haircolor_Darkest_Brown_50,573,29,val
Justified_The_Complete_Fourth_Season_3_Discs_DVD,Justified_The_Complete_Fourth_Season_3_Discs_DVD,573,44,test
KS_Chocolate_Cube_Box_Assortment_By_Neuhaus_2010_Ounces,KS_Chocolate_Cube_Box_Assortment_By_Neuhaus_2010_Ounces,573,38,train
Kid_Icarus_Uprising_Nintendo_3DS_Game,Kid_Icarus_Uprising_Nintendo_3DS_Game,573|focused_187,199,train
Kotex_U_Barely_There_Liners_Thin_60_count,Kotex_U_Barely_There_Liners_Thin_60_count,573,16,train
Kotex_U_Tween_Pads_16_pads,Kotex_U_Tween_Pads_16_pads,573,16,train
Kotobuki_Saucer_Dragon_Fly,Kotobuki_Saucer_Dragon_Fly,573|B_vessels,88,test
Krill_Oil,Krill_Oil,573|focused_187,247,train
LEGO_Bricks_More_Creative_Suitcase,LEGO_Bricks_More_Creative_Suitcase,573,38,val
LEGO_City_Advent_Calendar,LEGO_City_Advent_Calendar,573|focused_187,222,test
LEGO_Creationary_Game_ZJa163wlWp2,LEGO_Creationary_Game_ZJa163wlWp2,573|focused_187,227,train
LEGO_Fusion_Set_Town_Master,LEGO_Fusion_Set_Town_Master,573,54,train
LEGO_Star_Wars_Advent_Calendar,LEGO_Star_Wars_Advent_Calendar,573|focused_187,174,val
LTyrosine,LTyrosine,573|focused_187,316,train
Lactoferrin,Lactoferrin,573|focused_187,278,train
Leap_Frog_Paint_Dabber_Dot_Art_5_paint_bottles,Leap_Frog_Paint_Dabber_Dot_Art_5_paint_bottles,573|focused_187,215,train
Lego_Friends_Advent_Calendar,Lego_Friends_Advent_Calendar,573|focused_187,164,test
Little_Big_Planet_3_Plush_Edition,Little_Big_Planet_3_Plush_Edition,573,9,test
Little_Debbie_Chocolate_Cupcakes_8_ct,Little_Debbie_Chocolate_Cupcakes_8_ct,573|focused_187,292,train
Little_Debbie_Cloud_Cakes_10_ct,Little_Debbie_Cloud_Cakes_10_ct,573,20,train
Little_Debbie_Donut_Sticks_6_cake_donuts_10_oz_total,Little_Debbie_Donut_Sticks_6_cake_donuts_10_oz_total,573|focused_187,333,test
Little_House_on_the_Prairie_Season_Two_5_Discs_Includes_Digital,Little_House_on_the_Prairie_Season_Two_5_Discs_Includes_Digital,573|focused_187,260,test
Logitech_Ultimate_Ears_Boom_Wireless_Speaker_Night_Black,Logitech_Ultimate_Ears_Boom_Wireless_Speaker_Night_Black,573,8,train
Luigis_Mansion_Dark_Moon_Nintendo_3DS_Game,Luigis_Mansion_Dark_Moon_Nintendo_3DS_Game,573,5,test
Lutein,Lutein,573,52,test
MK7,MK7,573|focused_187,142,train
Mad_Gab_Refresh_Card_Game,Mad_Gab_Refresh_Card_Game,573,35,train
Marc_Anthony_Skip_Professional_Oil_of_Morocco_Conditioner_with_Argan_Oil,Marc_Anthony_Skip_Professional_Oil_of_Morocco_Conditioner_with_Argan_Oil,573|focused_187,155,train
Marc_Anthony_Strictly_Curls_Curl_Envy_Perfect_Curl_Cream_6_fl_oz_bottle,Marc_Anthony_Strictly_Curls_Curl_Envy_Perfect_Curl_Cream_6_fl_oz_bottle,573|focused_187,125,test
Marc_Anthony_True_Professional_Oil_of_Morocco_Argan_Oil_Treatment,Marc_Anthony_True_Professional_Oil_of_Morocco_Argan_Oil_Treatment,573|focused_187,212,val
Marc_Anthony_True_Professional_Strictly_Curls_Curl_Defining_Lotion,Marc_Anthony_True_Professional_Strictly_Curls_Curl_Defining_Lotion,573|focused_187,239,train
Mario_Luigi_Dream_Team_Nintendo_3DS_Game,Mario_Luigi_Dream_Team_Nintendo_3DS_Game,573,7,train
Mario_Party_9_Wii_Game,Mario_Party_9_Wii_Game,573,20,train
Markings_Desk_Caddy,Markings_Desk_Caddy,573,18,train
Markings_Letter_Holder,Markings_Letter_Holder,573,17,train
Mastic_Gum,Mastic_Gum,573|focused_187,264,test
Mattel_SKIP_BO_Card_Game,Mattel_SKIP_BO_Card_Game,573|focused_187,252,train
Melissa_Doug_See_Spell,Melissa_Doug_See_Spell,573|focused_187,327,train
Melissa_Doug_Traffic_Signs_and_Vehicles,Melissa_Doug_Traffic_Signs_and_Vehicles,573|focused_187,338,train
Mist_Wipe_Warmer,Mist_Wipe_Warmer,573,36,train
My_First_Rolling_Lion,My_First_Rolling_Lion,573|focused_187,240,train
My_First_Wiggle_Crocodile,My_First_Wiggle_Crocodile,573|focused_187,244,train
My_Little_Pony_Princess_Celestia,My_Little_Pony_Princess_Celestia,573,45,test
My_Monopoly_Board_Game,My_Monopoly_Board_Game,573,44,test
NESCAFE_NESCAFE_TC_STKS_DECAF_6_CT,NESCAFE_NESCAFE_TC_STKS_DECAF_6_CT,573|focused_187,106,train
NattoMax,NattoMax,573|focused_187,283,test
Neat_Solutions_Character_Bib_2_pack,Neat_Solutions_Character_Bib_2_pack,573,17,val
Nescafe_16Count_Dolce_Gusto_Cappuccino_Capsules,Nescafe_16Count_Dolce_Gusto_Cappuccino_Capsules,573,26,train
Nescafe_Memento_Latte_Caramel_8_08_oz_23_g_packets_64_oz_184_g,Nescafe_Memento_Latte_Caramel_8_08_oz_23_g_packets_64_oz_184_g,573,18,test
Nescafe_Momento_Mocha_Specialty_Coffee_Mix_8_ct,Nescafe_Momento_Mocha_Specialty_Coffee_Mix_8_ct,573,23,val
Nescafe_Tasters_Choice_Instant_Coffee_Decaf_House_Blend_Light_7_oz,Nescafe_Tasters_Choice_Instant_Coffee_Decaf_House_Blend_Light_7_oz,573|focused_187,135,val
Nestl_Crunch_Girl_Scouts_Cookie_Flavors_Caramel_Coconut_78_oz_box,Nestl_Crunch_Girl_Scouts_Cookie_Flavors_Caramel_Coconut_78_oz_box,573|focused_187,76,train
Nestl_Skinny_Cow_Heavenly_Crisp_Candy_Bar_Chocolate_Raspberry_6_pack_462_oz_total,Nestl_Skinny_Cow_Heavenly_Crisp_Candy_Bar_Chocolate_Raspberry_6_pack_462_oz_total,573,16,test
Nestle_Carnation_Cinnamon_Coffeecake_Kit_1913OZ,Nestle_Carnation_Cinnamon_Coffeecake_Kit_1913OZ,573,16,train
Nestle_Nesquik_Chocolate_Powder_Flavored_Milk_Additive_109_Oz_Canister,Nestle_Nesquik_Chocolate_Powder_Flavored_Milk_Additive_109_Oz_Canister,573,33,train
Nestle_Nips_Hard_Candy_Peanut_Butter,Nestle_Nips_Hard_Candy_Peanut_Butter,573,39,train
Nestle_Pure_Life_Exotics_Sparkling_Water_Strawberry_Dragon_Fruit_8_count_12_fl_oz_can,Nestle_Pure_Life_Exotics_Sparkling_Water_Strawberry_Dragon_Fruit_8_count_12_fl_oz_can,573,36,test
Nestle_Pure_Life_Exotics_Sparkling_Water_Strawberry_Dragon_Fruit_8_count_12_fl_oz_can_aX0ygjh3bxi,Nestle_Pure_Life_Exotics_Sparkling_Water_Strawberry_Dragon_Fruit_8_count_12_fl_oz_can_aX0ygjh3bxi,573,38,train
Nestle_Raisinets_Milk_Chocolate_35_oz_992_g,Nestle_Raisinets_Milk_Chocolate_35_oz_992_g,573|focused_187,191,test
Nestle_Skinny_Cow_Dreamy_Clusters_Candy_Dark_Chocolate_6_pack_1_oz_pouches,Nestle_Skinny_Cow_Dreamy_Clusters_Candy_Dark_Chocolate_6_pack_1_oz_pouches,573,18,train
Netgear_Ac1750_Router_Wireless_Dual_Band_Gigabit_Router,Netgear_Ac1750_Router_Wireless_Dual_Band_Gigabit_Router,573,32,test
Netgear_N750_Wireless_Dual_Band_Gigabit_Router,Netgear_N750_Wireless_Dual_Band_Gigabit_Router,573|focused_187,163,train
Netgear_Nighthawk_X6_AC3200_TriBand_Gigabit_Wireless_Router,Netgear_Nighthawk_X6_AC3200_TriBand_Gigabit_Wireless_Router,573,34,train
New_Super_Mario_BrosWii_Wii_Game,New_Super_Mario_BrosWii_Wii_Game,573,17,test
Nightmare_Before_Christmas_Collectors_Edition_Operation,Nightmare_Before_Christmas_Collectors_Edition_Operation,573|focused_187,356,test
Nikon_1_AW1_w11275mm_Lens_Silver,Nikon_1_AW1_w11275mm_Lens_Silver,573|focused_187,330,train
Nintendo_Mario_Action_Figure,Nintendo_Mario_Action_Figure,573|focused_187,219,train
Nintendo_Wii_Party_U_with_Controller_Wii_U_Game,Nintendo_Wii_Party_U_with_Controller_Wii_U_Game,573|focused_187,108,train
Nintendo_Yoshi_Action_Figure,Nintendo_Yoshi_Action_Figure,573|focused_187,272,train
Nips_Hard_Candy_Rich_Creamy_Butter_Rum_4_oz_1133_g,Nips_Hard_Candy_Rich_Creamy_Butter_Rum_4_oz_1133_g,573,23,val
Nordic_Ware_Original_Bundt_Pan,Nordic_Ware_Original_Bundt_Pan,573|B_vessels,230,train
Now_Designs_Bowl_Akita_Black,Now_Designs_Bowl_Akita_Black,573|B_vessels,168,train
OXO_Cookie_Spatula,OXO_Cookie_Spatula,573,14,train
OXO_Soft_Works_Can_Opener_SnapLock,OXO_Soft_Works_Can_Opener_SnapLock,573|focused_187,210,test
Object,Object,573|focused_187,133,test
Office_Depot_Canon_CL211XL_Remanufactured_Ink_Cartridge_TriColor,Office_Depot_Canon_CL211XL_Remanufactured_Ink_Cartridge_TriColor,573,10,train
Office_Depot_Canon_CLI36_Remanufactured_Ink_Cartridge_TriColor,Office_Depot_Canon_CLI36_Remanufactured_Ink_Cartridge_TriColor,573,25,train
Office_Depot_Canon_CLI_221BK_Ink_Cartridge_Black_2946B001,Office_Depot_Canon_CLI_221BK_Ink_Cartridge_Black_2946B001,573,11,train
Office_Depot_Canon_CLI_8CMY_Remanufactured_Ink_Cartridges_Color_Cyan_Magenta_Yellow_3_count,Office_Depot_Canon_CLI_8CMY_Remanufactured_Ink_Cartridges_Color_Cyan_Magenta_Yellow_3_count,573,2,train
Office_Depot_Canon_CLI_8Y_Ink_Cartridge_Yellow_0623B002,Office_Depot_Canon_CLI_8Y_Ink_Cartridge_Yellow_0623B002,573,12,train
Office_Depot_Canon_CL_41_Remanufactured_Ink_Cartridge_TriColor,Office_Depot_Canon_CL_41_Remanufactured_Ink_Cartridge_TriColor,573,17,val
Office_Depot_Canon_PG21XL_Remanufactured_Ink_Cartridge_Black,Office_Depot_Canon_PG21XL_Remanufactured_Ink_Cartridge_Black,573,11,train
Office_Depot_Canon_PGI22_Remanufactured_Ink_Cartridge_Black,Office_Depot_Canon_PGI22_Remanufactured_Ink_Cartridge_Black,573,17,test
Office_Depot_Canon_PGI35_Remanufactured_Ink_Cartridge_Black,Office_Depot_Canon_PGI35_Remanufactured_Ink_Cartridge_Black,573,9,val
Office_Depot_Canon_PGI5BK_Remanufactured_Ink_Cartridge_Black,Office_Depot_Canon_PGI5BK_Remanufactured_Ink_Cartridge_Black,573,7,val
Office_Depot_Canon_PG_240XL_Ink_Cartridge_Black_5206B001,Office_Depot_Canon_PG_240XL_Ink_Cartridge_Black_5206B001,573,12,test
Office_Depot_Dell_Series_11_Remanufactured_Ink_Cartridge_Black,Office_Depot_Dell_Series_11_Remanufactured_Ink_Cartridge_Black,573,9,val
Office_Depot_Dell_Series_11_Remanufactured_Ink_Cartridge_TriColor,Office_Depot_Dell_Series_11_Remanufactured_Ink_Cartridge_TriColor,573,31,train
Office_Depot_Dell_Series_1_Remanufactured_Ink_Cartridge_Black,Office_Depot_Dell_Series_1_Remanufactured_Ink_Cartridge_Black,573,9,val
Office_Depot_Dell_Series_1_Remanufactured_Ink_Cartridge_TriColor,Office_Depot_Dell_Series_1_Remanufactured_Ink_Cartridge_TriColor,573,8,train
Office_Depot_Dell_Series_5_Remanufactured_Ink_Cartridge_Black,Office_Depot_Dell_Series_5_Remanufactured_Ink_Cartridge_Black,573,11,train
Office_Depot_Dell_Series_9_Color_Ink_Ink_Cartridge_MK991_MK993,Office_Depot_Dell_Series_9_Color_Ink_Ink_Cartridge_MK991_MK993,573,23,val
Office_Depot_Dell_Series_9_Ink_Cartridge_Black_MK992,Office_Depot_Dell_Series_9_Ink_Cartridge_Black_MK992,573,11,test
Office_Depot_HP_2_Remanufactured_Ink_Cartridges_Color_Cyan_Magenta_Yellow_3_count,Office_Depot_HP_2_Remanufactured_Ink_Cartridges_Color_Cyan_Magenta_Yellow_3_count,573,33,test
Office_Depot_HP_564XL_Ink_Cartridge_Black_CN684WN,Office_Depot_HP_564XL_Ink_Cartridge_Black_CN684WN,573,11,train
Office_Depot_HP_564XL_Remanufactured_Ink_Cartridges_Color_Cyan_Magenta_Yellow_3_count,Office_Depot_HP_564XL_Remanufactured_Ink_Cartridges_Color_Cyan_Magenta_Yellow_3_count,573,6,train
Office_Depot_HP_61Tricolor_Ink_Cartridge,Office_Depot_HP_61Tricolor_Ink_Cartridge,573,16,val
Office_Depot_HP_71_Remanufactured_Ink_Cartridge_Black,Office_Depot_HP_71_Remanufactured_Ink_Cartridge_Black,573,22,train
Office_Depot_HP_74XL75_Remanufactured_Ink_Cartridges_BlackTriColor_2_count,Office_Depot_HP_74XL75_Remanufactured_Ink_Cartridges_BlackTriColor_2_count,573,2,train
Office_Depot_HP_75_Remanufactured_Ink_Cartridge_TriColor,Office_Depot_HP_75_Remanufactured_Ink_Cartridge_TriColor,573,24,train
Office_Depot_HP_920XL_920_High_Yield_Black_and_Standard_CMY_Color_Ink_Cartridges,Office_Depot_HP_920XL_920_High_Yield_Black_and_Standard_CMY_Color_Ink_Cartridges,573,3,train
Office_Depot_HP_932XL_Ink_Cartridge_Black_CN053A,Office_Depot_HP_932XL_Ink_Cartridge_Black_CN053A,573,10,test
Office_Depot_HP_950XL_Ink_Cartridge_Black_CN045AN,Office_Depot_HP_950XL_Ink_Cartridge_Black_CN045AN,573,12,train
Office_Depot_HP_96_Remanufactured_Ink_Cartridge_Black,Office_Depot_HP_96_Remanufactured_Ink_Cartridge_Black,573|focused_187,186,train
Office_Depot_HP_98_Remanufactured_Ink_Cartridge_Black,Office_Depot_HP_98_Remanufactured_Ink_Cartridge_Black,573,29,test
Orbit_Bubblemint_Mini_Bottle_6_ct,Orbit_Bubblemint_Mini_Bottle_6_ct,573,33,test
Organic_Whey_Protein_Unflavored,Organic_Whey_Protein_Unflavored,573,12,train
Organic_Whey_Protein_Vanilla,Organic_Whey_Protein_Vanilla,573,8,val
Ortho_Forward_Facing_CkAW6rL25xH,Ortho_Forward_Facing_CkAW6rL25xH,573,19,val
PEEKABOO_ROLLER,PEEKABOO_ROLLER,573|focused_187,185,train
PEPSI_NEXT_CACRV,PEPSI_NEXT_CACRV,573,40,val
PINEAPPLE_MARACA_6_PCSSET,PINEAPPLE_MARACA_6_PCSSET,573,18,test
Paint_Maker,Paint_Maker,573,35,train
Paper_Mario_Sticker_Star_Nintendo_3DS_Game,Paper_Mario_Sticker_Star_Nintendo_3DS_Game,573,3,train
Pass_The_Popcorn_Movie_Guessing_Game,Pass_The_Popcorn_Movie_Guessing_Game,573|focused_187,117,train
Pennington_Electric_Pot_Cabana_4,Pennington_Electric_Pot_Cabana_4,573,13,train
Pepsi_Caffeine_Free_Diet_12_CT,Pepsi_Caffeine_Free_Diet_12_CT,573,38,val
Pepsi_Cola_Caffeine_Free_12_12_fl_oz_355_ml_cans_144_fl_oz_426_lt,Pepsi_Cola_Caffeine_Free_12_12_fl_oz_355_ml_cans_144_fl_oz_426_lt,573,45,val
Pepsi_Cola_Wild_Cherry_Diet_12_12_fl_oz_355_ml_cans_144_fl_oz_426_lt,Pepsi_Cola_Wild_Cherry_Diet_12_12_fl_oz_355_ml_cans_144_fl_oz_426_lt,573,46,test
Pepsi_Max_Cola_Zero_Calorie_12_12_fl_oz_355_ml_cans_144_fl_oz_426_lt,Pepsi_Max_Cola_Zero_Calorie_12_12_fl_oz_355_ml_cans_144_fl_oz_426_lt,573,50,val
Perricoen_MD_No_Concealer_Concealer,Perricoen_MD_No_Concealer_Concealer,573|focused_187,276,train
Perricone_MD_AcylGlutathione_Deep_Crease_Serum,Perricone_MD_AcylGlutathione_Deep_Crease_Serum,573|focused_187,119,train
Perricone_MD_AcylGlutathione_Eye_Lid_Serum,Perricone_MD_AcylGlutathione_Eye_Lid_Serum,573|focused_187,117,train
Perricone_MD_Best_of_Perricone_7Piece_Collection_MEGsO6GIsyL,Perricone_MD_Best_of_Perricone_7Piece_Collection_MEGsO6GIsyL,573,28,train
Perricone_MD_Blue_Plasma_Orbital,Perricone_MD_Blue_Plasma_Orbital,573,9,train
Perricone_MD_Chia_Serum,Perricone_MD_Chia_Serum,573,58,train
Perricone_MD_Cold_Plasma,Perricone_MD_Cold_Plasma,573,10,train
Perricone_MD_Cold_Plasma_Body,Perricone_MD_Cold_Plasma_Body,573,7,train
Perricone_MD_Face_Finishing_Moisturizer,Perricone_MD_Face_Finishing_Moisturizer,573|focused_187,267,train
Perricone_MD_Face_Finishing_Moisturizer_4_oz,Perricone_MD_Face_Finishing_Moisturizer_4_oz,573,10,train
Perricone_MD_Firming_Neck_Therapy_Treatment,Perricone_MD_Firming_Neck_Therapy_Treatment,573|focused_187,280,train
Perricone_MD_Health_Weight_Management_Supplements,Perricone_MD_Health_Weight_Management_Supplements,573,33,test
Perricone_MD_High_Potency_Evening_Repair,Perricone_MD_High_Potency_Evening_Repair,573|focused_187,285,train
Perricone_MD_Hypoallergenic_Firming_Eye_Cream_05_oz,Perricone_MD_Hypoallergenic_Firming_Eye_Cream_05_oz,573|focused_187,216,test
Perricone_MD_Hypoallergenic_Gentle_Cleanser,Perricone_MD_Hypoallergenic_Gentle_Cleanser,573,11,test
Perricone_MD_Neuropeptide_Facial_Conformer,Perricone_MD_Neuropeptide_Facial_Conformer,573|focused_187,253,train
Perricone_MD_Neuropeptide_Firming_Moisturizer,Perricone_MD_Neuropeptide_Firming_Moisturizer,573|focused_187,274,train
Perricone_MD_No_Bronzer_Bronzer,Perricone_MD_No_Bronzer_Bronzer,573|focused_187,242,train
Perricone_MD_No_Foundation_Foundation_No_1,Perricone_MD_No_Foundation_Foundation_No_1,573|focused_187,311,train
Perricone_MD_No_Foundation_Serum,Perricone_MD_No_Foundation_Serum,573|focused_187,303,train
Perricone_MD_No_Lipstick_Lipstick,Perricone_MD_No_Lipstick_Lipstick,573|focused_187,206,train
Perricone_MD_No_Mascara_Mascara,Perricone_MD_No_Mascara_Mascara,573|focused_187,286,train
Perricone_MD_Nutritive_Cleanser,Perricone_MD_Nutritive_Cleanser,573,18,test
Perricone_MD_OVM,Perricone_MD_OVM,573,14,test
Perricone_MD_Omega_3_Supplements,Perricone_MD_Omega_3_Supplements,573,17,train
Perricone_MD_Photo_Plasma,Perricone_MD_Photo_Plasma,573|focused_187,74,train
Perricone_MD_Skin_Clear_Supplements,Perricone_MD_Skin_Clear_Supplements,573,22,train
Perricone_MD_Skin_Total_Body_Supplements,Perricone_MD_Skin_Total_Body_Supplements,573,22,train
Perricone_MD_Super_Berry_Powder_with_Acai_Supplements,Perricone_MD_Super_Berry_Powder_with_Acai_Supplements,573,5,val
Perricone_MD_The_Cold_Plasma_Face_Eyes_Duo,Perricone_MD_The_Cold_Plasma_Face_Eyes_Duo,573,12,train
Perricone_MD_The_Crease_Cure_Duo,Perricone_MD_The_Crease_Cure_Duo,573,17,test
Perricone_MD_The_Metabolic_Formula_Supplements,Perricone_MD_The_Metabolic_Formula_Supplements,573,2,val
Perricone_MD_The_Power_Treatments,Perricone_MD_The_Power_Treatments,573|focused_187,154,train
Perricone_MD_Vitamin_C_Ester_15,Perricone_MD_Vitamin_C_Ester_15,573,13,train
Perricone_MD_Vitamin_C_Ester_Serum,Perricone_MD_Vitamin_C_Ester_Serum,573|focused_187,116,test
Persona_Q_Shadow_of_the_Labyrinth_Nintendo_3DS,Persona_Q_Shadow_of_the_Labyrinth_Nintendo_3DS,573|focused_187,167,test
Pet_Dophilus_powder,Pet_Dophilus_powder,573|focused_187,298,train
Philips_60ct_Warm_White_LED_Smooth_Mini_String_Lights,Philips_60ct_Warm_White_LED_Smooth_Mini_String_Lights,573,13,train
Philips_EcoVantage_43_W_Light_Bulbs_Natural_Light_2_pack,Philips_EcoVantage_43_W_Light_Bulbs_Natural_Light_2_pack,573,9,train
Philips_Sonicare_Tooth_Brush_2_count,Philips_Sonicare_Tooth_Brush_2_count,573,24,train
Phillips_Caplets_Size_24,Phillips_Caplets_Size_24,573|focused_187,248,train
Phillips_Colon_Health_Probiotic_Capsule,Phillips_Colon_Health_Probiotic_Capsule,573,15,train
Phillips_Milk_of_Magnesia_Saline_Laxative_Liquid_Original,Phillips_Milk_of_Magnesia_Saline_Laxative_Liquid_Original,573|focused_187,348,val
Phillips_Stool_Softener_Liquid_Gels_30_liquid_gels,Phillips_Stool_Softener_Liquid_Gels_30_liquid_gels,573|focused_187,237,train
PhosphOmega,PhosphOmega,573|focused_187,275,train
Pokmon_Conquest_Nintendo_DS_Game,Pokmon_Conquest_Nintendo_DS_Game,573,9,val
Pokmon_X_Nintendo_3DS_Game,Pokmon_X_Nintendo_3DS_Game,573,2,test
Pokmon_Y_Nintendo_3DS_Game,Pokmon_Y_Nintendo_3DS_Game,573,1,train
Pokémon_Omega_Ruby_Alpha_Sapphire_Dual_Pack_Nintendo_3DS,Pokémon_Omega_Ruby_Alpha_Sapphire_Dual_Pack_Nintendo_3DS,573,29,test
Polar_Herring_Fillets_Smoked_Peppered_705_oz_total,Polar_Herring_Fillets_Smoked_Peppered_705_oz_total,573,3,train
Prostate_Optimizer,Prostate_Optimizer,573|focused_187,319,test
QAbsorb_CoQ10,QAbsorb_CoQ10,573|focused_187,285,test
QAbsorb_CoQ10_53iUqjWjW3O,QAbsorb_CoQ10_53iUqjWjW3O,573|focused_187,290,test
QHPomegranate,QHPomegranate,573|focused_187,255,train
Quercetin_500,Quercetin_500,573|focused_187,346,train
Razer_Kraken_71_Chroma_headset_Full_size_Black,Razer_Kraken_71_Chroma_headset_Full_size_Black,573,30,test
Razer_Kraken_Pro_headset_Full_size_Black,Razer_Kraken_Pro_headset_Full_size_Black,573,12,val
Razer_Naga_MMO_Gaming_Mouse,Razer_Naga_MMO_Gaming_Mouse,573|focused_187,235,train
Razer_Taipan_Black_Ambidextrous_Gaming_Mouse,Razer_Taipan_Black_Ambidextrous_Gaming_Mouse,573,40,train
Razer_Taipan_White_Ambidextrous_Gaming_Mouse,Razer_Taipan_White_Ambidextrous_Gaming_Mouse,573,47,train
ReadytoUse_Rolled_Fondant_Pure_White_24_oz_box,ReadytoUse_Rolled_Fondant_Pure_White_24_oz_box,573|focused_187,105,train
RedBlack_Nintendo_3DSXL,RedBlack_Nintendo_3DSXL,573,27,train
Remington_1_12_inch_Hair_Straightener,Remington_1_12_inch_Hair_Straightener,573|focused_187,187,test
Remington_TStudio_Hair_Dryer,Remington_TStudio_Hair_Dryer,573,67,train
Remington_TStudio_Silk_Ceramic_Hair_Straightener_2_Inch_Floating_Plates,Remington_TStudio_Silk_Ceramic_Hair_Straightener_2_Inch_Floating_Plates,573,20,train
Room_Essentials_Bowl_Turquiose,Room_Essentials_Bowl_Turquiose,573|B_vessels,147,test
Room_Essentials_Dish_Drainer_Collapsible_White,Room_Essentials_Dish_Drainer_Collapsible_White,573,84,train
Room_Essentials_Fabric_Cube_Lavender,Room_Essentials_Fabric_Cube_Lavender,573,5,train
Room_Essentials_Mug_White_Yellow,Room_Essentials_Mug_White_Yellow,573,12,train
Room_Essentials_Salad_Plate_Turquoise,Room_Essentials_Salad_Plate_Turquoise,573|focused_187,237,test
SAMe_200,SAMe_200,573,13,train
SAMe_200_KX7ZmOw47co,SAMe_200_KX7ZmOw47co,573,16,train
SAPPHIRE_R7_260X_OC,SAPPHIRE_R7_260X_OC,573,18,train
SCHOOL_BUS,SCHOOL_BUS,573|focused_187,110,train
Saccharomyces_Boulardii_MOS_Value_Size,Saccharomyces_Boulardii_MOS_Value_Size,573|focused_187,343,train
Samsung_CLTC406S_Toner_Cartridge_Cyan_1pack,Samsung_CLTC406S_Toner_Cartridge_Cyan_1pack,573,19,train
Sapota_Threshold_4_Ceramic_Round_Planter_Red,Sapota_Threshold_4_Ceramic_Round_Planter_Red,573|B_vessels,34,train
Schleich_African_Black_Rhino,Schleich_African_Black_Rhino,573|focused_187,206,train
Schleich_Allosaurus,Schleich_Allosaurus,573|focused_187,204,train
Schleich_Bald_Eagle,Schleich_Bald_Eagle,573,25,test
Schleich_Hereford_Bull,Schleich_Hereford_Bull,573|focused_187,211,train
Schleich_Lion_Action_Figure,Schleich_Lion_Action_Figure,573,41,train
Schleich_S_Bayala_Unicorn_70432,Schleich_S_Bayala_Unicorn_70432,573,28,val
Schleich_Spinosaurus_Action_Figure,Schleich_Spinosaurus_Action_Figure,573|focused_187,185,train
Schleich_Therizinosaurus_ln9cruulPqc,Schleich_Therizinosaurus_ln9cruulPqc,573|focused_187,140,train
Sea_to_Summit_Xl_Bowl,Sea_to_Summit_Xl_Bowl,573|B_vessels,84,val
Seagate_1TB_Backup_Plus_portable_drive_Blue,Seagate_1TB_Backup_Plus_portable_drive_Blue,573,12,test
Seagate_1TB_Backup_Plus_portable_drive_Silver,Seagate_1TB_Backup_Plus_portable_drive_Silver,573|focused_187,139,test
Seagate_1TB_Backup_Plus_portable_drive_for_Mac,Seagate_1TB_Backup_Plus_portable_drive_for_Mac,573,10,train
Seagate_1TB_Wireless_Plus_mobile_device_storage,Seagate_1TB_Wireless_Plus_mobile_device_storage,573,2,train
Seagate_3TB_Central_shared_storage,Seagate_3TB_Central_shared_storage,573,41,train
Seagate_Archive_HDD_8_TB_Internal_hard_drive_SATA_6Gbs_35_ST8000AS0002,Seagate_Archive_HDD_8_TB_Internal_hard_drive_SATA_6Gbs_35_ST8000AS0002,573|focused_187,200,train
Shurtape_30_Day_Removal_UV_Delct_15,Shurtape_30_Day_Removal_UV_Delct_15,573,10,train
Shurtape_Gaffers_Tape_Silver_2_x_60_yd,Shurtape_Gaffers_Tape_Silver_2_x_60_yd,573,26,test
Shurtape_Tape_Purple_CP28,Shurtape_Tape_Purple_CP28,573,19,test
Sleep_Optimizer,Sleep_Optimizer,573|focused_187,166,train
Smith_Hawken_Woven_BasketTray_Organizer_with_3_Compartments_95_x_9_x_13,Smith_Hawken_Woven_BasketTray_Organizer_with_3_Compartments_95_x_9_x_13,573,20,train
Snack_Catcher_Snack_Dispenser,Snack_Catcher_Snack_Dispenser,573,22,test
Sonicare_2_Series_Toothbrush_Plaque_Control,Sonicare_2_Series_Toothbrush_Plaque_Control,573,31,train
Sony_Acid_Music_Studio,Sony_Acid_Music_Studio,573|focused_187,191,test
Sony_Downloadable_Loops,Sony_Downloadable_Loops,573,35,val
Sorry_Sliders_Board_Game,Sorry_Sliders_Board_Game,573,44,train
Spritz_Easter_Basket_Plastic_Teal,Spritz_Easter_Basket_Plastic_Teal,573,4,train
Star_Wars_Rogue_Squadron_Nintendo_64,Star_Wars_Rogue_Squadron_Nintendo_64,573,1,train
Sterilite_Caddy_Blue_Sky_17_58_x_12_58_x_9_14,Sterilite_Caddy_Blue_Sky_17_58_x_12_58_x_9_14,573,21,train
Super_Mario_3D_World_Deluxe_Set,Super_Mario_3D_World_Deluxe_Set,573,31,train
Super_Mario_3D_World_Deluxe_Set_yThuvW9vZed,Super_Mario_3D_World_Deluxe_Set_yThuvW9vZed,573,71,val
Super_Mario_3D_World_Wii_U_Game,Super_Mario_3D_World_Wii_U_Game,573,15,train
Super_Mario_Kart_Super_Nintendo_Entertainment_System,Super_Mario_Kart_Super_Nintendo_Entertainment_System,573,7,test
Supernatural_Ouija_Board_Game,Supernatural_Ouija_Board_Game,573|focused_187,268,train
Swiss_Miss_Hot_Cocoa_KCups_Milk_Chocolate_12_count,Swiss_Miss_Hot_Cocoa_KCups_Milk_Chocolate_12_count,573,11,train
Target_Basket_Medium,Target_Basket_Medium,573,2,test
Tena_Pads_Heavy_Long_42_pads,Tena_Pads_Heavy_Long_42_pads,573,41,val
Tetris_Link_Game,Tetris_Link_Game,573,33,train
The_Coffee_Bean_Tea_Leaf_KCup_Packs_Jasmine_Green_Tea_16_count,The_Coffee_Bean_Tea_Leaf_KCup_Packs_Jasmine_Green_Tea_16_count,573,13,train
Theanine,Theanine,573|focused_187,263,train
Thomas_Friends_Woodan_Railway_Henry,Thomas_Friends_Woodan_Railway_Henry,573|focused_187,268,test
Thomas_Friends_Wooden_Railway_Ascending_Track_Riser_Pack,Thomas_Friends_Wooden_Railway_Ascending_Track_Riser_Pack,573,80,test
Thomas_Friends_Wooden_Railway_Porter_5JzRhMm3a9o,Thomas_Friends_Wooden_Railway_Porter_5JzRhMm3a9o,573,10,train
Threshold_Bamboo_Ceramic_Soap_Dish,Threshold_Bamboo_Ceramic_Soap_Dish,573|B_vessels,50,train
Threshold_Bead_Cereal_Bowl_White,Threshold_Bead_Cereal_Bowl_White,573|B_vessels,154,test
Threshold_Bistro_Ceramic_Dinner_Plate_Ruby_Ring,Threshold_Bistro_Ceramic_Dinner_Plate_Ruby_Ring,573|B_vessels|focused_187,531,train
Threshold_Dinner_Plate_Square_Rim_White_Porcelain,Threshold_Dinner_Plate_Square_Rim_White_Porcelain,573|B_vessels,154,test
Threshold_Porcelain_Coffee_Mug_All_Over_Bead_White,Threshold_Porcelain_Coffee_Mug_All_Over_Bead_White,573,25,test
Threshold_Porcelain_Pitcher_White,Threshold_Porcelain_Pitcher_White,573,46,train
Threshold_Porcelain_Serving_Bowl_Coupe_White,Threshold_Porcelain_Serving_Bowl_Coupe_White,573|B_vessels,213,test
Threshold_Porcelain_Spoon_Rest_White,Threshold_Porcelain_Spoon_Rest_White,573,33,test
Threshold_Porcelain_Teapot_White,Threshold_Porcelain_Teapot_White,573,52,val
Threshold_Ramekin_White_Porcelain,Threshold_Ramekin_White_Porcelain,573|B_vessels,24,val
Threshold_Salad_Plate_Square_Rim_Porcelain,Threshold_Salad_Plate_Square_Rim_Porcelain,573|B_vessels,111,train
Threshold_Tray_Rectangle_Porcelain,Threshold_Tray_Rectangle_Porcelain,573|focused_187,165,train
Top_Paw_Dog_Bow_Bone_Ceramic_13_fl_oz_total,Top_Paw_Dog_Bow_Bone_Ceramic_13_fl_oz_total,573,23,train
Top_Paw_Dog_Bowl_Blue_Paw_Bone_Ceramic_25_fl_oz_total,Top_Paw_Dog_Bowl_Blue_Paw_Bone_Ceramic_25_fl_oz_total,573|B_vessels,16,test
Toys_R_Us_Treat_Dispenser_Smart_Puzzle_Foobler,Toys_R_Us_Treat_Dispenser_Smart_Puzzle_Foobler,573,18,train
Travel_Mate_P_series_Notebook,Travel_Mate_P_series_Notebook,573,38,train
Travel_Smart_Neck_Rest_Inflatable,Travel_Smart_Neck_Rest_Inflatable,573|focused_187,232,train
TriStar_Products_PPC_Power_Pressure_Cooker_XL_in_Black,TriStar_Products_PPC_Power_Pressure_Cooker_XL_in_Black,573,85,train
Tune_Belt_Sport_Armband_For_Samsung_Galaxy_S3,Tune_Belt_Sport_Armband_For_Samsung_Galaxy_S3,573|focused_187,139,train
Twinlab_100_Whey_Protein_Fuel_Chocolate,Twinlab_100_Whey_Protein_Fuel_Chocolate,573,26,train
Twinlab_100_Whey_Protein_Fuel_Cookies_and_Cream,Twinlab_100_Whey_Protein_Fuel_Cookies_and_Cream,573,29,train
Twinlab_100_Whey_Protein_Fuel_Vanilla,Twinlab_100_Whey_Protein_Fuel_Vanilla,573,29,test
Twinlab_Nitric_Fuel,Twinlab_Nitric_Fuel,573,59,train
Twinlab_Premium_Creatine_Fuel_Powder,Twinlab_Premium_Creatine_Fuel_Powder,573|focused_187,328,train
U_By_Kotex_Cleanwear_Heavy_Flow_Pads_32_Ct,U_By_Kotex_Cleanwear_Heavy_Flow_Pads_32_Ct,573,19,train
U_By_Kotex_Sleek_Regular_Unscented_Tampons_36_Ct_Box,U_By_Kotex_Sleek_Regular_Unscented_Tampons_36_Ct_Box,573,4,test
Ultra_JarroDophilus,Ultra_JarroDophilus,573,63,train
Unmellow_Yellow_Tieks_Neon_Patent_Leather_Ballet_Flats,Unmellow_Yellow_Tieks_Neon_Patent_Leather_Ballet_Flats,573|focused_187,313,train
Utana_5_Porcelain_Ramekin_Large,Utana_5_Porcelain_Ramekin_Large,573|B_vessels,37,train
VANS_FIRE_ROASTED_VEGGIE_CRACKERS_GLUTEN_FREE,VANS_FIRE_ROASTED_VEGGIE_CRACKERS_GLUTEN_FREE,573,16,val
Vans_Cereal_Honey_Nut_Crunch_11_oz_box,Vans_Cereal_Honey_Nut_Crunch_11_oz_box,573|focused_187,153,test
Victor_Reversible_Bookend,Victor_Reversible_Bookend,573,45,train
WHALE_WHISTLE_6PCS_SET,WHALE_WHISTLE_6PCS_SET,573,14,train
Weston_No_22_Cajun_Jerky_Tonic_12_fl_oz_nLj64ZnGwDh,Weston_No_22_Cajun_Jerky_Tonic_12_fl_oz_nLj64ZnGwDh,573,83,train
Weston_No_33_Signature_Sausage_Tonic_12_fl_oz,Weston_No_33_Signature_Sausage_Tonic_12_fl_oz,573|focused_187,340,test
Whey_Protein_3_Flavor_Variety_Pack_12_Packets,Whey_Protein_3_Flavor_Variety_Pack_12_Packets,573,15,test
Whey_Protein_Chocolate_12_Packets,Whey_Protein_Chocolate_12_Packets,573,18,train
Whey_Protein_Vanilla,Whey_Protein_Vanilla,573,14,train
Whey_Protein_Vanilla_12_Packets,Whey_Protein_Vanilla_12_Packets,573,18,train
Wilton_Easy_Layers_Cake_Pan_Set,Wilton_Easy_Layers_Cake_Pan_Set,573|focused_187,176,val
Wilton_Pearlized_Sugar_Sprinkles_525_oz_Gold,Wilton_Pearlized_Sugar_Sprinkles_525_oz_Gold,573,57,train
Wilton_PreCut_Parchment_Sheets_10_x_15_24_sheets,Wilton_PreCut_Parchment_Sheets_10_x_15_24_sheets,573|focused_187,253,train
Winning_Moves_1180_Aggravation_Board_Game,Winning_Moves_1180_Aggravation_Board_Game,573|focused_187,354,train
Womens_Multi_13,Womens_Multi_13,573|focused_187,270,test
Wrigley_Orbit_Mint_Variety_18_Count,Wrigley_Orbit_Mint_Variety_18_Count,573,26,train
Xyli_Pure_Xylitol,Xyli_Pure_Xylitol,573,37,test
YumYum_D3_Liquid,YumYum_D3_Liquid,573|focused_187,145,val
