object,n_stable,n_eff,pmax,isotropy,tv_long,tv_mid,tv_short,tv_max,long_mm,degenerate
002_master_chef_can,10,7.2,0.22,0.73,0.33,0.82,0.59,0.82,144.5,True
003_cracker_box,6,3.4,0.38,0.31,0.08,0.08,0.19,0.19,227.7,False
004_sugar_box,7,3.6,0.37,0.31,0.12,0.45,0.21,0.45,186.8,False
006_mustard_bottle,8,4.1,0.4,0.31,0.34,0.91,0.24,0.91,200.5,False
007_tuna_fish_can,5,2.4,0.46,0.49,0.39,0.32,0.2,0.39,91.5,False
008_pudding_box,6,3.2,0.39,0.3,0.23,0.47,0.22,0.47,124.2,False
009_gelatin_box,6,3.3,0.38,0.43,0.8,0.09,0.19,0.8,98.3,False
010_potted_meat_can,7,4.3,0.31,0.55,0.68,0.39,0.21,0.68,103.1,False
011_banana,3,2.6,0.51,0.23,0.26,1.0,0.29,1.0,201.9,False
012_strawberry,15,11.3,0.15,0.84,0.84,1.0,0.89,1.0,49.5,True
013_apple,10,6.1,0.31,0.92,0.8,0.65,0.9,0.9,81.5,True
014_lemon,14,8.5,0.27,0.85,1.0,1.0,1.0,1.0,64.1,True
015_peach,5,3.8,0.38,0.94,0.92,0.89,0.68,0.92,63.3,True
016_pear,11,7.4,0.21,0.68,0.86,0.71,0.61,0.86,108.8,False
017_orange,1,1.0,1.0,0.98,0.9,1.0,1.0,1.0,73.4,True
018_plum,6,3.5,0.41,0.94,0.92,0.86,0.95,0.95,55.3,True
019_pitcher_base,11,7.5,0.25,0.57,0.45,0.92,0.79,0.92,250.8,False
021_bleach_cleanser,7,3.8,0.36,0.27,0.44,0.79,0.31,0.79,267.9,False
022_windex_bottle,6,4.0,0.42,0.31,0.68,0.62,0.86,0.86,281.6,False
024_bowl,2,1.9,0.61,0.36,0.39,0.39,0.06,0.39,168.4,False
025_mug,12,8.0,0.23,0.99,0.75,0.54,0.48,0.75,119.2,True
026_sponge,2,2.0,0.5,0.16,0.01,0.5,0.04,0.5,124.7,False
028_skillet_lid,4,3.1,0.47,0.29,0.53,0.53,0.05,0.53,279.8,False
029_plate,2,2.0,0.52,0.12,0.0,0.0,0.02,0.02,273.6,False
030_fork,7,5.1,0.27,0.1,0.53,0.61,0.15,0.61,208.2,False
031_spoon,4,2.7,0.5,0.13,0.96,0.96,0.38,0.96,205.2,False
033_spatula,3,2.4,0.55,0.14,0.61,0.75,0.13,0.75,325.9,False
035_power_drill,4,2.9,0.47,0.28,0.28,0.25,0.12,0.28,198.0,False
036_wood_block,6,4.8,0.24,0.49,0.27,0.31,0.19,0.31,218.1,False
037_scissors,2,2.0,0.52,0.11,0.48,0.01,0.04,0.48,209.4,False
038_padlock,8,4.0,0.36,0.38,0.28,0.63,0.17,0.63,89.1,False
040_large_marker,13,9.9,0.15,0.2,0.54,0.65,0.7,0.7,130.2,True
043_phillips_screwdriver,21,16.5,0.11,0.15,0.69,0.86,0.87,0.87,223.6,True
044_flat_screwdriver,19,14.3,0.13,0.16,0.69,0.81,0.83,0.83,220.1,True
048_hammer,3,2.3,0.48,0.14,0.03,0.5,0.07,0.5,347.6,False
050_medium_clamp,5,3.1,0.46,0.29,0.63,0.46,0.43,0.63,98.0,False
051_large_clamp,3,2.1,0.5,0.21,0.02,0.98,0.11,0.98,172.1,False
052_extra_large_clamp,3,2.7,0.5,0.16,0.22,0.28,0.06,0.28,219.6,False
053_mini_soccer_ball,6,5.8,0.23,0.96,0.85,1.0,0.95,1.0,126.3,True
055_baseball,1,1.0,1.0,0.99,1.0,1.0,1.0,1.0,73.1,True
061_foam_brick,8,6.4,0.21,0.95,0.38,0.25,0.43,0.43,93.1,True
065-a_cups,14,9.9,0.2,0.87,0.42,0.78,0.71,0.78,74.1,True
065-b_cups,18,11.9,0.2,0.9,0.31,0.6,0.63,0.63,76.5,True
065-c_cups,9,4.6,0.39,0.95,0.3,0.78,0.79,0.79,67.3,True
065-d_cups,6,3.1,0.48,0.96,0.26,0.76,0.75,0.76,72.5,True
065-e_cups,7,3.8,0.42,0.96,0.33,0.74,0.74,0.74,71.7,True
065-f_cups,8,3.8,0.42,0.95,0.38,0.72,0.72,0.72,76.4,True
065-g_cups,5,2.8,0.5,0.87,0.21,0.63,0.71,0.71,75.4,True
065-h_cups,13,6.5,0.32,0.97,0.6,0.61,0.84,0.84,107.7,True
065-i_cups,14,7.0,0.3,0.93,0.63,0.55,0.4,0.63,110.9,True
065-j_cups,14,6.9,0.3,0.93,0.51,0.54,0.53,0.54,115.4,True
070-b_colored_wood_blocks,6,6.0,0.18,0.89,0.42,0.36,0.35,0.42,44.1,True
071_nine_hole_peg_test,6,3.1,0.4,0.26,0.13,0.16,0.08,0.16,201.1,False
072-b_toy_airplane,2,2.0,0.5,0.31,0.5,0.7,0.14,0.7,183.5,False
072-c_toy_airplane,17,13.1,0.15,0.51,0.24,0.9,0.63,0.9,74.8,True
072-d_toy_airplane,18,15.5,0.11,0.52,0.26,0.72,0.67,0.72,74.1,True
072-e_toy_airplane,12,7.8,0.24,0.51,0.3,0.59,0.5,0.59,74.2,False
073-a_lego_duplo,5,3.6,0.37,0.43,0.39,0.14,0.26,0.39,73.8,False
073-b_lego_duplo,7,5.6,0.2,0.94,0.13,0.16,0.16,0.16,48.6,True
073-c_lego_duplo,8,4.4,0.32,0.43,0.12,0.19,0.38,0.38,74.8,False
073-d_lego_duplo,7,6.3,0.23,0.79,0.37,0.46,0.47,0.47,68.9,True
073-e_lego_duplo,4,4.0,0.28,0.46,0.15,0.12,0.12,0.15,104.3,False
073-f_lego_duplo,6,5.5,0.2,0.84,0.19,0.11,0.13,0.19,46.2,True
077_rubiks_cube,8,7.2,0.17,0.84,0.28,0.28,0.21,0.28,92.2,True
3D_Dollhouse_Lamp,18,14.5,0.1,0.26,0.36,0.8,0.8,0.8,176.0,True
3D_Dollhouse_Refrigerator,6,4.3,0.27,0.41,0.06,0.11,0.14,0.14,222.4,False
3D_Dollhouse_Sink,7,5.6,0.26,0.8,0.25,0.21,0.49,0.49,159.4,True
3D_Dollhouse_Sofa,6,4.4,0.28,0.54,0.07,0.36,0.25,0.36,220.1,False
3D_Dollhouse_Swing,5,3.8,0.38,0.4,0.4,0.75,0.36,0.75,154.6,False
3D_Dollhouse_TablePurple,11,7.3,0.23,0.89,0.35,0.44,0.23,0.44,107.3,True
3M_Antislip_Surfacing_Light_Duty_White,2,2.0,0.5,0.23,0.14,0.14,0.07,0.14,160.2,False
3M_Vinyl_Tape_Green_1_x_36_yd,2,2.0,0.5,0.32,0.22,0.21,0.09,0.22,119.3,False
45oz_RAMEKIN_ASST_DEEP_COLORS,8,3.4,0.41,0.68,0.43,0.45,0.3,0.45,96.9,False
5_HTP,17,14.1,0.11,0.62,0.35,0.82,0.83,0.83,96.8,True
ACE_Coffee_Mug_Kristen_16_oz_cup,8,3.8,0.35,0.61,0.11,0.16,0.32,0.32,152.0,False
AllergenFree_JarroDophilus,18,14.1,0.11,0.56,0.34,0.67,0.77,0.77,105.8,True
Android_Figure_Chrome,7,6.3,0.21,0.6,0.66,0.83,0.49,0.83,87.4,False
Android_Figure_Orange,11,6.4,0.28,0.64,0.66,0.64,0.6,0.66,86.8,False
Android_Figure_Panda,9,6.7,0.19,0.68,0.82,0.6,0.43,0.82,79.2,False
Android_Lego,3,2.6,0.52,0.21,0.03,0.54,0.06,0.54,116.6,False
Apples_to_Apples_Kids_Edition,5,3.4,0.36,0.33,0.1,0.1,0.12,0.12,286.6,False
Arm_Hammer_Diaper_Pail_Refills_12_Pack_MFWkmoweejt,6,5.1,0.23,0.8,0.09,0.35,0.29,0.35,183.0,True
Aroma_Stainless_Steel_Milk_Frother_2_Cup,7,5.5,0.26,0.71,0.33,0.35,0.48,0.48,209.0,True
Asus_80211ac_DualBand_Gigabit_Wireless_Router_RTAC68R,6,3.5,0.36,0.33,0.07,0.08,0.16,0.16,351.7,False
Asus_M5A78LMUSB3_Motherboard_Micro_ATX_Socket_AM3,6,2.6,0.43,0.16,0.08,0.08,0.08,0.08,373.4,False
Asus_M5A99FX_PRO_R20_Motherboard_ATX_Socket_AM3,6,3.0,0.4,0.23,0.03,0.04,0.05,0.05,331.0,False
Asus_Sabertooth_990FX_20_Motherboard_ATX_Socket_AM3,6,3.0,0.4,0.24,0.06,0.07,0.12,0.12,365.6,False
Asus_Sabertooth_Z97_MARK_1_Motherboard_ATX_LGA1150_Socket,5,2.8,0.42,0.28,0.08,0.08,0.17,0.17,352.7,False
Asus_X99Deluxe_Motherboard_ATX_LGA2011v3_Socket,6,3.1,0.39,0.25,0.05,0.05,0.09,0.09,353.7,False
Asus_Z87PRO_Motherboard_ATX_LGA1150_Socket,6,2.9,0.41,0.22,0.06,0.06,0.18,0.18,356.1,False
Asus_Z97AR_LGA_1150_Intel_ATX_Motherboard,6,3.0,0.4,0.22,0.04,0.06,0.05,0.06,338.9,False
Asus_Z97IPLUS_Motherboard_Mini_ITX_LGA1150_Socket,7,4.4,0.31,0.44,0.07,0.08,0.07,0.08,245.6,False
Avengers_Thor_PLlrpYniaeB,7,4.4,0.32,0.45,0.08,0.12,0.11,0.12,309.8,False
BIA_Cordon_Bleu_White_Porcelain_Utensil_Holder_900028,8,4.6,0.34,0.82,0.38,0.78,0.78,0.78,179.4,True
BIA_Porcelain_Ramekin_With_Glazed_Rim_35_45_oz_cup,13,4.4,0.36,0.77,0.4,0.39,0.25,0.4,94.7,True
Balderdash_Game,6,2.8,0.43,0.21,0.08,0.08,0.1,0.1,312.3,False
Beetle_Adventure_Racing_Nintendo_64,4,2.5,0.45,0.19,0.52,0.47,0.11,0.52,135.4,False
Beta_Glucan,17,13.5,0.11,0.57,0.22,0.77,0.84,0.84,105.1,True
Bifidus_Balance_FOS,14,9.7,0.2,0.58,0.22,0.8,0.78,0.8,106.2,True
Big_O_Sponges_Assorted_Cellulose_12_pack,4,2.4,0.48,0.17,0.04,0.07,0.12,0.12,134.0,False
BlackBlack_Nintendo_3DSXL,5,3.2,0.43,0.33,0.27,0.06,0.06,0.27,171.6,False
Black_Elderberry_Syrup_54_oz_Gaia_Herbs,6,4.8,0.25,0.45,0.39,0.15,0.33,0.39,153.0,False
Black_Forest_Fruit_Snacks_28_Pack_Grape,6,3.5,0.36,0.32,0.05,0.06,0.22,0.22,265.0,False
Black_Forest_Fruit_Snacks_Juicy_Filled_Centers_10_pouches_9_oz_total,5,3.0,0.4,0.27,0.15,0.45,0.22,0.45,220.4,False
Black_and_Decker_PBJ2000_FusionBlade_Blender_Jars,8,5.2,0.33,0.45,0.1,0.11,0.21,0.21,312.8,False
Black_and_Decker_TR3500SD_2Slice_Toaster,8,5.6,0.28,0.72,0.56,0.29,0.43,0.56,286.4,True
Blackcurrant_Lutein,16,12.1,0.16,0.58,0.32,0.91,0.87,0.91,106.8,True
BlueBlack_Nintendo_3DSXL,5,3.2,0.42,0.3,0.11,0.3,0.07,0.3,190.0,False
Blue_Jasmine_Includes_Digital_Copy_UltraViolet_DVD,2,2.0,0.5,0.1,0.0,0.01,0.03,0.03,205.9,False
Borage_GLA240Gamma_Tocopherol,17,14.9,0.11,0.56,0.28,0.89,0.91,0.91,119.5,True
Bradshaw_International_11642_7_Qt_MP_Plastic_Bowl,5,2.1,0.66,0.57,0.6,0.6,0.21,0.6,293.5,False
Brisk_Iced_Tea_Lemon_12_12_fl_oz_355_ml_cans_144_fl_oz_426_lt,7,5.6,0.25,0.43,0.17,0.26,0.25,0.26,429.6,False
Brother_Ink_Cartridge_Magenta_LC75M,5,3.4,0.44,0.21,0.05,0.11,0.19,0.19,162.2,False
Brother_LC_1053PKS_Ink_Cartridge_CyanMagentaYellow_1pack,7,4.1,0.34,0.48,0.52,0.34,0.33,0.52,159.3,False
Brother_Printing_Cartridge_PC501,4,3.1,0.39,0.25,0.12,0.17,0.1,0.17,281.8,False
Calphalon_Kitchen_Essentials_12_Cast_Iron_Fry_Pan_Black,9,2.7,0.57,0.46,0.56,0.56,0.21,0.56,340.0,False
Canon_225226_Ink_Cartridges_BlackColor_Cyan_Magenta_Yellow_6_count,6,4.3,0.34,0.52,0.06,0.34,0.09,0.34,170.5,False
Canon_Ink_Cartridge_Green_6,5,3.2,0.38,0.29,0.53,0.08,0.07,0.53,157.9,False
Canon_Pixma_Chromalife_100_Magenta_8,4,2.3,0.47,0.18,0.59,0.05,0.06,0.59,143.7,False
Canon_Pixma_Ink_Cartridge_251_M,4,2.4,0.45,0.28,0.06,0.07,0.11,0.11,114.3,False
Canon_Pixma_Ink_Cartridge_8,5,2.5,0.45,0.24,0.1,0.07,0.15,0.15,132.0,False
Canon_Pixma_Ink_Cartridge_8_Green,2,2.0,0.5,0.23,0.01,0.1,0.07,0.1,132.8,False
Canon_Pixma_Ink_Cartridge_8_Red,4,2.3,0.49,0.22,0.57,0.48,0.11,0.57,144.6,False
Canon_Pixma_Ink_Cartridge_Cyan_251,6,3.4,0.43,0.24,0.04,0.49,0.05,0.49,113.0,False
Central_Garden_Flower_Pot_Goo_425,10,4.3,0.44,0.88,0.26,0.64,0.67,0.67,105.7,True
Chef_Style_Round_Cake_Pan_9_inch_pan,2,2.0,0.56,0.26,0.01,0.01,0.05,0.05,257.7,False
Chefmate_8_Frypan,2,2.0,0.55,0.17,0.57,0.56,0.05,0.57,373.7,False
Closetmaid_Premium_Fabric_Cube_Red,6,6.0,0.18,0.87,0.45,0.18,0.21,0.45,457.9,True
Clue_Board_Game_Classic_Edition,4,2.2,0.49,0.14,0.05,0.49,0.11,0.49,529.3,False
CoQ10,19,16.2,0.1,0.57,0.26,0.86,0.7,0.86,94.3,True
CoQ10_BjTLbuRVt1t,17,13.7,0.11,0.57,0.25,0.8,0.7,0.8,93.1,True
CoQ10_wSSVoxVppVD,19,17.3,0.09,0.58,0.31,0.65,0.66,0.66,92.7,True
Cole_Hardware_Antislip_Surfacing_Material_White,13,6.6,0.25,0.94,0.52,0.52,0.41,0.52,179.9,True
Cole_Hardware_Antislip_Surfacing_White_2_x_60,2,2.0,0.5,0.42,0.32,0.33,0.13,0.33,167.2,False
Cole_Hardware_Bowl_Scirocco_YellowBlue,15,5.2,0.4,0.59,0.63,0.64,0.24,0.64,122.4,False
Cole_Hardware_Butter_Dish_Square_Red,11,5.1,0.38,0.63,0.64,0.64,0.51,0.64,133.0,False
Cole_Hardware_Deep_Bowl_Good_Earth_1075,8,2.7,0.57,0.46,0.56,0.55,0.53,0.56,294.9,False
Cole_Hardware_Electric_Pot_Assortment_55,14,8.8,0.19,0.92,0.32,0.74,0.73,0.74,137.2,True
Cole_Hardware_Electric_Pot_Cabana_55,14,6.3,0.35,0.96,0.41,0.69,0.74,0.74,141.7,True
Cole_Hardware_Flower_Pot_1025,10,4.0,0.46,0.91,0.28,0.68,0.72,0.72,235.7,True
Cole_Hardware_Hammer_Black,4,3.3,0.39,0.22,0.21,0.43,0.3,0.43,305.7,False
Cole_Hardware_Mini_Honey_Dipper,15,12.5,0.13,0.23,0.23,0.8,0.72,0.8,119.6,True
Cole_Hardware_Mug_Classic_Blue,11,7.8,0.22,0.67,0.72,0.63,0.72,0.72,169.8,False
Cole_Hardware_Orchid_Pot_85,3,2.0,0.64,0.92,0.63,0.65,0.56,0.65,213.8,True
Cole_Hardware_Plant_Saucer_Brown_125,2,2.0,0.54,0.19,0.01,0.56,0.04,0.56,326.5,False
Cole_Hardware_Plant_Saucer_Glazed_9,2,2.0,0.54,0.18,0.01,0.01,0.05,0.05,240.2,False
Cole_Hardware_Saucer_Electric,2,2.0,0.56,0.28,0.01,0.02,0.06,0.06,132.4,False
Cole_Hardware_Saucer_Glazed_6,2,2.0,0.55,0.2,0.01,0.01,0.04,0.04,166.7,False
Cole_Hardware_School_Bell_Solid_Brass_38,18,14.2,0.14,0.55,0.18,0.78,0.71,0.78,165.6,True
Connect_4_Launchers,7,3.2,0.39,0.24,0.07,0.08,0.05,0.08,332.4,False
Cootie_Game_tDhURNbfU5J,9,6.7,0.22,0.57,0.1,0.17,0.15,0.17,299.0,False
Corningware_CW_by_Corningware_3qt_Oblong_Casserole_Dish_Blue,2,1.9,0.59,0.23,0.01,0.01,0.05,0.05,384.7,False
Craftsman_Grip_Screwdriver_Phillips_Cushion,8,7.2,0.2,0.14,0.2,0.68,0.67,0.68,273.9,False
Crayola_Bonus_64_Crayons,8,3.3,0.38,0.26,0.06,0.46,0.08,0.46,171.7,False
Crayola_Crayons_120_crayons,4,3.3,0.36,0.3,0.18,0.17,0.23,0.23,266.5,False
Crayola_Crayons_24_count,5,2.8,0.44,0.28,0.06,0.08,0.11,0.11,133.3,False
Crayola_Crayons_Washable_24_crayons,7,3.0,0.41,0.32,0.2,0.07,0.21,0.21,124.9,False
Crayola_Model_Magic_Modeling_Material_Single_Packs_6_pack_05_oz_packs,6,3.0,0.4,0.27,0.06,0.11,0.11,0.11,235.5,False
Crayola_Model_Magic_Modeling_Material_White_3_oz,5,2.9,0.41,0.24,0.51,0.08,0.16,0.51,236.5,False
Crayola_Washable_Fingerpaint_Red_Blue_Yellow_3_count_8_fl_oz_bottes_each,7,3.9,0.35,0.32,0.07,0.08,0.15,0.15,200.4,False
Crayola_Washable_Sidewalk_Chalk_16_pack,7,5.4,0.23,0.82,0.25,0.26,0.22,0.26,164.6,True
Crayola_Washable_Sidewalk_Chalk_16_pack_wDZECiw7J6s,6,5.2,0.23,0.82,0.66,0.42,0.42,0.66,163.0,True
Creatine_Monohydrate,15,12.0,0.15,0.65,0.69,0.79,0.87,0.87,198.8,True
Crosley_Alarm_Clock_Vintage_Metal,8,3.8,0.4,0.33,0.36,0.37,0.37,0.37,126.4,False
Crunch_Girl_Scouts_Candy_Bars_Peanut_Butter_Creme_78_oz_box,9,5.1,0.34,0.38,0.11,0.1,0.26,0.26,165.4,False
Curver_Storage_Bin_Black_Small,8,4.8,0.28,0.68,0.13,0.19,0.15,0.19,316.1,False
DIM_CDG,18,14.5,0.14,0.57,0.26,0.6,0.68,0.68,94.6,True
Dell_Ink_Cartridge,8,4.7,0.35,0.41,0.45,0.12,0.39,0.45,151.9,False
Dell_Ink_Cartridge_Yellow_31,5,2.7,0.44,0.29,0.91,0.92,0.26,0.92,157.3,False
Dell_Series_9_Color_Ink_Cartridge_MK993_High_Yield,6,3.5,0.36,0.33,0.16,0.09,0.18,0.18,144.6,False
Deskstar_Desk_Top_Hard_Drive_1_TB,7,4.2,0.33,0.42,0.06,0.07,0.07,0.07,199.8,False
Diamond_Visions_Scissors_Red,2,2.0,0.51,0.08,0.49,1.0,0.03,1.0,225.8,False
Diet_Pepsi_Soda_Cola12_Pack_12_oz_Cans,6,4.4,0.26,0.45,0.27,0.17,0.33,0.33,428.8,False
Don_Franciscos_Gourmet_Coffee_Medium_Decaf_100_Colombian_12_oz_340_g,14,12.0,0.15,0.73,0.37,0.81,0.69,0.81,145.5,True
Down_To_Earth_Ceramic_Orchid_Pot_Asst_Blue,6,5.9,0.2,0.88,0.21,0.18,0.15,0.21,192.2,True
Down_To_Earth_Orchid_Pot_Ceramic_Red,10,4.8,0.36,0.96,0.69,0.67,0.64,0.69,156.9,True
Eat_to_Live_The_Amazing_NutrientRich_Program_for_Fast_and_Sustained_Weight_Loss_Revised_Edition_Book,4,2.3,0.48,0.24,0.04,0.09,0.15,0.15,228.9,False
Ecoforms_Cup_B4_SAN,10,3.4,0.51,0.85,0.65,0.68,0.46,0.68,104.2,True
Ecoforms_Garden_Pot_GP16ATurquois,16,9.8,0.24,0.93,0.33,0.68,0.61,0.68,174.7,True
Ecoforms_Plant_Bowl_Atlas_Low,7,2.6,0.57,0.47,0.64,0.55,0.15,0.64,335.9,False
Ecoforms_Plant_Bowl_Turquoise_7,10,3.7,0.49,0.69,0.69,0.69,0.63,0.69,190.5,False
Ecoforms_Plant_Container_12_Pot_Nova,17,8.9,0.28,0.89,0.44,0.76,0.66,0.76,339.7,True
Ecoforms_Plant_Container_B4_Har,14,4.7,0.43,0.87,0.62,0.66,0.65,0.66,102.8,True
Ecoforms_Plant_Container_FB6_Tur,12,4.2,0.45,0.67,0.66,0.68,0.33,0.68,169.0,False
Ecoforms_Plant_Container_GP16AMOCHA,17,11.2,0.21,0.86,0.53,0.71,0.7,0.71,188.1,True
Ecoforms_Plant_Container_GP16A_Coral,16,10.3,0.22,0.88,0.42,0.74,0.66,0.74,191.8,True
Ecoforms_Plant_Container_QP6CORAL,6,5.8,0.22,0.69,0.17,0.17,0.4,0.4,254.3,False
Ecoforms_Plant_Container_QP6HARVEST,6,5.8,0.22,0.72,0.16,0.17,0.4,0.4,254.8,True
Ecoforms_Plant_Container_QP_Harvest,8,6.9,0.19,0.86,0.41,0.35,0.28,0.41,118.3,True
Ecoforms_Plant_Container_QP_Turquoise,7,6.2,0.2,0.81,0.19,0.27,0.19,0.27,118.2,True
Ecoforms_Plant_Container_Quadra_Turquoise_QP12,6,5.1,0.21,0.71,0.68,0.13,0.58,0.68,332.2,True
Ecoforms_Plant_Container_S14Turquoise,2,2.0,0.55,0.21,0.01,0.01,0.04,0.04,156.4,False
Ecoforms_Plant_Container_S24NATURAL,2,2.0,0.54,0.16,0.0,0.0,0.03,0.03,252.2,False
Ecoforms_Plant_Container_S24Turquoise,2,2.0,0.54,0.15,0.01,0.01,0.03,0.03,253.8,False
Ecoforms_Plant_Container_SB9Turquoise,11,4.9,0.4,0.83,0.72,0.67,0.4,0.72,311.6,True
Ecoforms_Plant_Container_URN_NAT,16,8.6,0.28,0.8,0.83,0.78,0.69,0.83,185.5,True
Ecoforms_Plant_Container_URN_SAN,13,5.8,0.37,0.8,0.68,0.81,0.71,0.81,185.7,True
Ecoforms_Plant_Container_Urn_55_Avocado,12,5.4,0.39,0.84,0.58,0.71,0.8,0.8,183.6,True
Ecoforms_Plant_Container_Urn_55_Mocha,12,6.3,0.34,0.86,0.82,0.73,0.8,0.82,178.7,True
Ecoforms_Plant_Plate_S11Turquoise,2,2.0,0.55,0.21,0.01,0.01,0.04,0.04,127.0,False
Ecoforms_Plant_Pot_GP9AAvocado,16,8.7,0.27,0.94,0.25,0.72,0.63,0.72,95.8,True
Ecoforms_Plant_Pot_GP9_SAND,19,9.2,0.27,0.91,0.22,0.7,0.62,0.7,93.3,True
Ecoforms_Plant_Saucer_S14MOCHA,2,2.0,0.55,0.2,0.01,0.01,0.04,0.04,155.4,False
Ecoforms_Plant_Saucer_S14NATURAL,2,2.0,0.55,0.23,0.01,0.0,0.04,0.04,156.1,False
Ecoforms_Plant_Saucer_S17MOCHA,2,2.0,0.55,0.18,0.01,0.0,0.03,0.03,184.5,False
Ecoforms_Plant_Saucer_S20MOCHA,2,2.0,0.55,0.18,0.0,0.01,0.03,0.03,214.6,False
Ecoforms_Plant_Saucer_SQ1HARVEST,2,1.9,0.59,0.22,0.01,0.01,0.04,0.04,92.1,False
Ecoforms_Plant_Saucer_SQ8COR,2,2.0,0.56,0.14,0.0,0.01,0.03,0.03,244.7,False
Ecoforms_Planter_Bowl_Cole_Hardware,6,2.4,0.63,0.67,0.68,0.69,0.29,0.69,187.6,False
Ecoforms_Planter_Pot_GP12AAvocado,20,11.4,0.23,0.99,0.25,0.69,0.6,0.69,125.8,True
Ecoforms_Planter_Pot_QP6Ebony,6,5.8,0.22,0.68,0.16,0.17,0.25,0.25,252.0,False
Ecoforms_Plate_S20Avocado,2,2.0,0.55,0.18,0.0,0.01,0.03,0.03,217.6,False
Ecoforms_Pot_Nova_6_Turquoise,7,3.3,0.5,0.92,0.72,0.75,0.75,0.75,201.4,True
Ecoforms_Quadra_Saucer_SQ1_Avocado,2,1.9,0.59,0.18,0.01,0.01,0.04,0.04,117.9,False
Ecoforms_Saucer_SQ3_Turquoise,2,2.0,0.57,0.13,0.0,0.16,0.05,0.16,276.1,False
Epson_273XL_Ink_Cartridge_Magenta,6,2.8,0.43,0.2,0.51,0.09,0.15,0.51,171.4,False
Epson_DURABrite_Ultra_786_Black_Ink_Cartridge_T786120S,6,3.0,0.4,0.26,0.15,0.1,0.19,0.19,192.9,False
Epson_Ink_Cartridge_126_Yellow,5,2.4,0.47,0.17,0.04,0.56,0.1,0.56,151.6,False
Epson_Ink_Cartridge_Black_200,4,2.3,0.48,0.21,0.04,0.03,0.09,0.09,121.4,False
Epson_LabelWorks_LC4WBN9_Tape_reel_labels_047_x_295_Roll_Black_on_White,4,2.7,0.45,0.34,0.24,0.53,0.11,0.53,144.3,False
Epson_LabelWorks_LC5WBN9_Tape_reel_labels_071_x_295_Roll_Black_on_White,6,3.1,0.4,0.34,0.13,0.13,0.12,0.13,149.2,False
Epson_T5803_Ink_Cartridge_Magenta_1pack,7,3.9,0.34,0.37,0.15,0.08,0.17,0.17,108.3,False
Epson_UltraChrome_T0543_Ink_Cartridge_Magenta_1pack,3,2.1,0.5,0.22,0.06,0.09,0.08,0.09,114.9,False
Epson_UltraChrome_T0548_Ink_Cartridge_Matte_Black_1pack,5,2.4,0.46,0.17,0.07,0.06,0.1,0.1,147.1,False
FemDophilus,6,4.9,0.23,0.65,0.49,0.13,0.4,0.49,128.9,False
Final_Fantasy_XIV_A_Realm_Reborn_60Day_Subscription,2,2.0,0.51,0.11,0.03,0.04,0.03,0.04,231.0,False
Firefly_Clue_Board_Game,5,2.5,0.46,0.22,0.1,0.09,0.13,0.13,468.0,False
FisherPrice_Make_A_Match_Game_Thomas_Friends,4,2.4,0.46,0.19,0.06,0.08,0.12,0.12,309.1,False
Folic_Acid,21,19.4,0.08,0.6,0.38,0.75,0.69,0.75,91.2,True
Footed_Bowl_Sand,11,3.9,0.46,0.67,0.74,0.69,0.39,0.74,169.1,False
Fresca_Peach_Citrus_Sparkling_Flavored_Soda_12_PK,6,4.4,0.25,0.39,0.04,0.34,0.1,0.34,426.2,False
Frozen_Olafs_In_Trouble_PopOMatic_Game,4,2.3,0.47,0.17,0.11,0.1,0.08,0.11,379.9,False
Frozen_Scrabble_Jr,6,2.7,0.43,0.17,0.05,0.05,0.05,0.05,348.0,False
Fujifilm_instax_SHARE_SP1_10_photos,3,2.1,0.49,0.45,0.08,0.55,0.18,0.55,127.4,False
Full_Circle_Happy_Scraps_Out_Collector_Gray,6,4.8,0.25,0.73,0.36,0.12,0.23,0.36,227.0,True
Germanium_GE132,19,13.3,0.17,0.6,0.27,0.68,0.66,0.68,83.7,True
Gigabyte_GA78LMTUSB3_50_Motherboard_Micro_ATX_Socket_AM3,6,2.8,0.42,0.18,0.09,0.5,0.08,0.5,367.0,False
Gigabyte_GA970AUD3P_10_Motherboard_ATX_Socket_AM3,7,2.9,0.41,0.24,0.08,0.06,0.11,0.11,338.4,False
Gigabyte_GAZ97XSLI_10_motherboard_ATX_LGA1150_Socket_Z97,7,3.1,0.4,0.24,0.05,0.05,0.05,0.05,346.6,False
Google_Cardboard_Original_package,2,2.0,0.51,0.09,0.02,0.01,0.03,0.03,230.8,False
Granimals_20_Wooden_ABC_Blocks_Wagon,7,4.6,0.32,0.3,0.51,0.56,0.23,0.56,197.5,False
Granimals_20_Wooden_ABC_Blocks_Wagon_85VdSftGsLi,7,6.5,0.19,0.83,0.42,0.5,0.32,0.5,46.8,True
Granimals_20_Wooden_ABC_Blocks_Wagon_g2TinmUGGHI,6,4.5,0.31,0.29,0.55,0.73,0.36,0.73,198.2,False
Great_Dinos_Triceratops_Toy,8,4.4,0.39,0.61,0.81,0.65,0.44,0.81,77.6,False
Grreat_Choice_Dog_Double_Dish_Plastic_Blue,4,3.3,0.37,0.28,0.14,0.1,0.09,0.14,354.6,False
Grreatv_Choice_Dog_Bowl_Gray_Bones_Plastic_20_fl_oz_total,6,2.6,0.44,0.32,0.25,0.29,0.24,0.29,192.5,False
HP_1800_Tablet_8GB_7,2,2.0,0.5,0.09,0.0,0.0,0.02,0.02,205.9,False
HP_Card_Invitation_Kit,4,2.5,0.45,0.18,0.06,0.04,0.07,0.07,207.3,False
Hasbro_Cranium_Performance_and_Acting_Game,6,3.0,0.4,0.22,0.04,0.07,0.05,0.07,296.2,False
Hasbro_Dont_Wake_Daddy_Board_Game,6,3.7,0.42,0.27,0.13,0.13,0.08,0.13,500.8,False
Hasbro_Life_Board_Game,5,2.6,0.44,0.21,0.08,0.07,0.11,0.11,437.9,False
Hasbro_Monopoly_Hotels_Game,5,2.9,0.43,0.27,0.27,0.55,0.14,0.55,348.4,False
Hasbro_Trivial_Pursuit_Family_Edition_Game,6,3.1,0.4,0.24,0.04,0.05,0.07,0.07,275.0,False
HeavyDuty_Flashlight,13,11.0,0.13,0.35,0.41,0.83,0.42,0.83,244.4,True
Hefty_Waste_Basket_Decorative_Bronze_85_liter,11,7.7,0.2,0.66,0.16,0.87,0.6,0.87,313.3,False
Hey_You_Pikachu_Nintendo_64,4,2.3,0.49,0.24,0.07,0.08,0.14,0.14,128.1,False
House_of_Cards_The_Complete_First_Season_4_Discs_DVD,2,2.0,0.52,0.12,0.03,0.0,0.04,0.04,220.8,False
Hyaluronic_Acid,18,14.6,0.13,0.55,0.66,0.77,0.86,0.86,107.0,True
HyperX_Cloud_II_Headset_Gun_Metal,5,3.6,0.35,0.35,0.12,0.12,0.11,0.12,368.6,False
HyperX_Cloud_II_Headset_Red,6,3.6,0.36,0.5,0.24,0.31,0.26,0.31,388.2,False
INTERNATIONAL_PAPER_Willamette_4_Brown_Bag_500Count,7,4.6,0.31,0.43,0.19,0.13,0.29,0.29,356.9,False
Inositol,19,16.2,0.09,0.54,0.34,0.77,0.86,0.86,120.1,True
IsoRich_Soy,16,12.7,0.16,0.73,0.46,0.8,0.85,0.85,181.1,True
JBL_Charge_Speaker_portable_wireless_wired_Green,15,11.4,0.13,0.43,0.25,0.72,0.93,0.93,183.7,True
JarroDophilusFOS_Value_Size,15,13.4,0.1,0.52,0.52,0.88,0.77,0.88,138.0,True
JarroSil_Activated_Silicon,7,4.8,0.27,0.54,0.08,0.17,0.4,0.4,119.6,False
JarroSil_Activated_Silicon_5exdZHIeLAp,8,5.5,0.26,0.68,0.31,0.53,0.33,0.53,107.8,False
Jarrow_Formulas_Glucosamine_Hci_Mega_1000_100_ct,16,12.2,0.15,0.57,0.49,0.9,0.65,0.9,115.6,True
Jarrow_Glucosamine_Chondroitin_Combination_120_Caps,19,16.3,0.09,0.53,0.38,0.85,0.92,0.92,127.0,True
Just_For_Men_Mustache_Beard_Brushin_Hair_Color_Gel_Kit_Jet_Black_M60,5,3.5,0.35,0.38,0.22,0.16,0.15,0.22,161.6,False
Just_For_Men_Mustache_Beard_Brushin_Hair_Color_Gel_MediumDark_Brown_M40,7,4.0,0.34,0.41,0.47,0.42,0.21,0.47,152.0,False
Just_For_Men_ShampooIn_Haircolor_Jet_Black_60,6,4.8,0.33,0.41,0.13,0.18,0.22,0.22,175.8,False
Just_For_Men_ShampooIn_Haircolor_Light_Brown_25,6,4.1,0.31,0.43,0.05,0.13,0.18,0.18,171.2,False
Just_For_Men_Shampoo_In_Haircolor_Darkest_Brown_50,8,5.3,0.33,0.32,0.07,0.09,0.25,0.25,165.3,False
Justified_The_Complete_Fourth_Season_3_Discs_DVD,2,2.0,0.5,0.13,0.04,0.04,0.05,0.05,236.2,False
KS_Chocolate_Cube_Box_Assortment_By_Neuhaus_2010_Ounces,9,7.6,0.17,0.92,0.24,0.34,0.44,0.44,216.7,True
Kid_Icarus_Uprising_Nintendo_3DS_Game,5,2.5,0.44,0.21,0.09,0.08,0.16,0.16,165.1,False
Kotex_U_Barely_There_Liners_Thin_60_count,8,6.1,0.23,0.72,0.14,0.34,0.49,0.49,145.5,True
Kotex_U_Tween_Pads_16_pads,6,5.2,0.23,0.57,0.25,0.11,0.26,0.26,171.1,False
Kotobuki_Saucer_Dragon_Fly,2,2.0,0.55,0.28,0.38,0.36,0.05,0.38,104.6,False
Krill_Oil,13,8.7,0.2,0.56,0.31,0.76,0.74,0.76,105.8,True
LEGO_Bricks_More_Creative_Suitcase,6,4.1,0.32,0.4,0.06,0.08,0.07,0.08,396.5,False
LEGO_City_Advent_Calendar,6,2.8,0.42,0.27,0.14,0.06,0.17,0.17,445.5,False
LEGO_Creationary_Game_ZJa163wlWp2,7,2.8,0.42,0.19,0.11,0.05,0.11,0.11,467.2,False
LEGO_Fusion_Set_Town_Master,5,2.7,0.42,0.23,0.17,0.09,0.14,0.17,379.0,False
LEGO_Star_Wars_Advent_Calendar,6,3.5,0.43,0.22,0.12,0.14,0.19,0.19,451.1,False
LTyrosine,13,10.4,0.13,0.57,0.31,0.79,0.96,0.96,119.0,True
Lactoferrin,18,14.0,0.11,0.59,0.38,0.79,0.69,0.79,107.1,True
Leap_Frog_Paint_Dabber_Dot_Art_5_paint_bottles,6,2.7,0.43,0.18,0.06,0.08,0.05,0.08,317.3,False
Lego_Friends_Advent_Calendar,5,3.3,0.45,0.29,0.06,0.1,0.14,0.14,438.9,False
Little_Big_Planet_3_Plush_Edition,7,4.8,0.29,0.52,0.07,0.09,0.08,0.09,187.6,False
Little_Debbie_Chocolate_Cupcakes_8_ct,5,2.9,0.42,0.22,0.06,0.1,0.06,0.1,319.9,False
Little_Debbie_Cloud_Cakes_10_ct,7,5.1,0.32,0.36,0.08,0.14,0.14,0.14,270.0,False
Little_Debbie_Donut_Sticks_6_cake_donuts_10_oz_total,4,2.7,0.42,0.16,0.06,0.47,0.14,0.47,329.4,False
Little_House_on_the_Prairie_Season_Two_5_Discs_Includes_Digital,3,2.1,0.5,0.15,0.05,0.05,0.05,0.05,217.0,False
Logitech_Ultimate_Ears_Boom_Wireless_Speaker_Night_Black,23,19.3,0.1,0.44,0.32,0.8,0.79,0.8,270.3,True
Luigis_Mansion_Dark_Moon_Nintendo_3DS_Game,2,2.0,0.5,0.09,0.01,0.02,0.04,0.04,167.4,False
Lutein,15,12.3,0.13,0.57,0.33,0.98,0.87,0.98,105.2,True
MK7,20,17.9,0.09,0.58,0.23,0.68,0.77,0.77,93.2,True
Mad_Gab_Refresh_Card_Game,6,6.0,0.17,0.92,0.17,0.16,0.18,0.18,250.5,True
Marc_Anthony_Skip_Professional_Oil_of_Morocco_Conditioner_with_Argan_Oil,3,2.2,0.49,0.28,0.01,0.97,0.19,0.97,202.1,False
Marc_Anthony_Strictly_Curls_Curl_Envy_Perfect_Curl_Cream_6_fl_oz_bottle,7,4.3,0.3,0.33,0.34,0.71,0.11,0.71,235.1,False
Marc_Anthony_True_Professional_Oil_of_Morocco_Argan_Oil_Treatment,7,5.0,0.3,0.31,0.04,0.17,0.26,0.26,169.1,False
Marc_Anthony_True_Professional_Strictly_Curls_Curl_Defining_Lotion,5,2.9,0.49,0.27,0.49,0.74,0.26,0.74,205.3,False
Mario_Luigi_Dream_Team_Nintendo_3DS_Game,2,2.0,0.5,0.11,0.03,0.03,0.02,0.03,151.9,False
Mario_Party_9_Wii_Game,2,2.0,0.52,0.09,0.02,0.01,0.03,0.03,201.4,False
Markings_Desk_Caddy,7,5.5,0.26,0.42,0.57,0.67,0.54,0.67,316.8,False
Markings_Letter_Holder,6,4.8,0.28,0.57,0.37,0.57,0.32,0.57,219.7,False
Mastic_Gum,12,7.3,0.25,0.56,0.76,0.72,0.75,0.76,104.8,False
Mattel_SKIP_BO_Card_Game,4,2.4,0.46,0.16,0.02,0.06,0.07,0.07,216.8,False
Melissa_Doug_See_Spell,4,2.2,0.48,0.18,0.07,0.05,0.09,0.09,375.8,False
Melissa_Doug_Traffic_Signs_and_Vehicles,5,2.6,0.44,0.18,0.08,0.05,0.15,0.15,374.3,False
Mist_Wipe_Warmer,7,4.6,0.3,0.49,0.09,0.1,0.2,0.2,301.8,False
My_First_Rolling_Lion,4,2.7,0.43,0.29,0.12,0.09,0.1,0.12,187.2,False
My_First_Wiggle_Crocodile,8,7.0,0.2,0.32,0.32,0.3,0.62,0.62,204.1,False
My_Little_Pony_Princess_Celestia,8,5.1,0.34,0.85,0.45,0.44,0.45,0.45,236.9,True
My_Monopoly_Board_Game,4,2.2,0.47,0.21,0.05,0.06,0.1,0.1,420.8,False
NESCAFE_NESCAFE_TC_STKS_DECAF_6_CT,5,2.7,0.44,0.28,0.06,0.1,0.13,0.13,138.2,False
NattoMax,15,11.6,0.13,0.61,0.41,0.75,0.81,0.81,97.6,True
Neat_Solutions_Character_Bib_2_pack,2,1.9,0.63,0.33,0.21,0.23,0.05,0.23,229.4,False
Nescafe_16Count_Dolce_Gusto_Cappuccino_Capsules,7,6.5,0.17,0.82,0.15,0.16,0.12,0.16,183.2,True
Nescafe_Memento_Latte_Caramel_8_08_oz_23_g_packets_64_oz_184_g,8,4.6,0.29,0.52,0.07,0.13,0.37,0.37,171.2,False
Nescafe_Momento_Mocha_Specialty_Coffee_Mix_8_ct,9,6.1,0.28,0.56,0.2,0.18,0.2,0.2,182.5,False
Nescafe_Tasters_Choice_Instant_Coffee_Decaf_House_Blend_Light_7_oz,9,6.4,0.26,0.46,0.46,0.76,0.65,0.76,194.5,False
Nestl_Crunch_Girl_Scouts_Cookie_Flavors_Caramel_Coconut_78_oz_box,7,3.8,0.35,0.38,0.15,0.07,0.06,0.15,163.7,False
Nestl_Skinny_Cow_Heavenly_Crisp_Candy_Bar_Chocolate_Raspberry_6_pack_462_oz_total,6,3.7,0.35,0.34,0.05,0.08,0.07,0.08,177.4,False
Nestle_Carnation_Cinnamon_Coffeecake_Kit_1913OZ,6,3.9,0.34,0.4,0.06,0.07,0.07,0.07,199.4,False
Nestle_Nesquik_Chocolate_Powder_Flavored_Milk_Additive_109_Oz_Canister,7,3.3,0.38,0.61,0.5,0.37,0.31,0.5,154.4,False
Nestle_Nips_Hard_Candy_Peanut_Butter,7,3.4,0.38,0.38,0.04,0.12,0.22,0.22,161.3,False
Nestle_Pure_Life_Exotics_Sparkling_Water_Strawberry_Dragon_Fruit_8_count_12_fl_oz_can,7,5.0,0.23,0.72,0.08,0.17,0.19,0.19,289.9,True
Nestle_Pure_Life_Exotics_Sparkling_Water_Strawberry_Dragon_Fruit_8_count_12_fl_oz_can_aX0ygjh3bxi,6,4.9,0.23,0.72,0.08,0.15,0.17,0.17,287.2,True
Nestle_Raisinets_Milk_Chocolate_35_oz_992_g,5,3.1,0.47,0.17,0.28,0.26,0.3,0.3,171.2,False
Nestle_Skinny_Cow_Dreamy_Clusters_Candy_Dark_Chocolate_6_pack_1_oz_pouches,7,3.8,0.35,0.4,0.07,0.06,0.12,0.12,164.6,False
Netgear_Ac1750_Router_Wireless_Dual_Band_Gigabit_Router,6,3.1,0.39,0.25,0.04,0.08,0.06,0.08,350.8,False
Netgear_N750_Wireless_Dual_Band_Gigabit_Router,8,3.1,0.39,0.22,0.06,0.07,0.09,0.09,359.7,False
Netgear_Nighthawk_X6_AC3200_TriBand_Gigabit_Wireless_Router,7,3.2,0.39,0.27,0.04,0.07,0.13,0.13,372.9,False
New_Super_Mario_BrosWii_Wii_Game,2,2.0,0.5,0.09,0.02,0.0,0.02,0.02,234.4,False
Nightmare_Before_Christmas_Collectors_Edition_Operation,5,2.5,0.45,0.15,0.05,0.49,0.09,0.49,488.8,False
Nikon_1_AW1_w11275mm_Lens_Silver,13,10.1,0.21,0.79,0.51,0.85,0.66,0.85,79.8,True
Nintendo_Mario_Action_Figure,5,4.0,0.38,0.44,0.29,0.54,0.22,0.54,108.7,False
Nintendo_Wii_Party_U_with_Controller_Wii_U_Game,7,3.8,0.35,0.48,0.17,0.13,0.11,0.17,210.6,False
Nintendo_Yoshi_Action_Figure,6,4.1,0.33,0.57,0.58,0.71,0.25,0.71,118.8,False
Nips_Hard_Candy_Rich_Creamy_Butter_Rum_4_oz_1133_g,6,4.4,0.37,0.3,0.08,0.14,0.3,0.3,174.6,False
Nordic_Ware_Original_Bundt_Pan,2,1.8,0.64,0.42,0.25,0.22,0.25,0.25,274.8,False
Now_Designs_Bowl_Akita_Black,10,2.8,0.57,0.5,0.56,0.58,0.2,0.58,166.9,False
OXO_Cookie_Spatula,2,2.0,0.57,0.12,0.46,1.0,0.09,1.0,251.6,False
OXO_Soft_Works_Can_Opener_SnapLock,6,3.7,0.34,0.33,0.55,0.67,0.49,0.67,182.7,False
Object,3,2.4,0.46,0.4,0.05,0.02,0.08,0.08,125.0,False
Office_Depot_Canon_CL211XL_Remanufactured_Ink_Cartridge_TriColor,6,4.4,0.31,0.45,0.15,0.13,0.21,0.21,146.5,False
Office_Depot_Canon_CLI36_Remanufactured_Ink_Cartridge_TriColor,6,3.6,0.37,0.37,0.24,0.13,0.3,0.3,160.3,False
Office_Depot_Canon_CLI_221BK_Ink_Cartridge_Black_2946B001,7,4.5,0.31,0.52,0.09,0.2,0.26,0.26,139.3,False
Office_Depot_Canon_CLI_8CMY_Remanufactured_Ink_Cartridges_Color_Cyan_Magenta_Yellow_3_count,6,5.7,0.2,0.94,0.08,0.28,0.23,0.28,118.0,True
Office_Depot_Canon_CLI_8Y_Ink_Cartridge_Yellow_0623B002,9,6.0,0.31,0.5,0.12,0.09,0.22,0.22,125.9,False
Office_Depot_Canon_CL_41_Remanufactured_Ink_Cartridge_TriColor,7,4.4,0.31,0.58,0.39,0.45,0.24,0.45,131.1,False
Office_Depot_Canon_PG21XL_Remanufactured_Ink_Cartridge_Black,8,4.6,0.31,0.62,0.15,0.34,0.36,0.36,133.5,False
Office_Depot_Canon_PGI22_Remanufactured_Ink_Cartridge_Black,6,4.3,0.31,0.39,0.12,0.14,0.09,0.14,148.8,False
Office_Depot_Canon_PGI35_Remanufactured_Ink_Cartridge_Black,6,4.4,0.31,0.71,0.22,0.08,0.3,0.3,122.9,True
Office_Depot_Canon_PGI5BK_Remanufactured_Ink_Cartridge_Black,8,4.6,0.31,0.49,0.23,0.2,0.22,0.23,143.3,False
Office_Depot_Canon_PG_240XL_Ink_Cartridge_Black_5206B001,6,4.4,0.31,0.4,0.09,0.11,0.14,0.14,136.6,False
Office_Depot_Dell_Series_11_Remanufactured_Ink_Cartridge_Black,8,4.6,0.31,0.56,0.18,0.16,0.2,0.2,142.6,False
Office_Depot_Dell_Series_11_Remanufactured_Ink_Cartridge_TriColor,6,3.7,0.35,0.35,0.36,0.15,0.23,0.36,157.9,False
Office_Depot_Dell_Series_1_Remanufactured_Ink_Cartridge_Black,8,6.0,0.29,0.44,0.35,0.31,0.21,0.35,139.3,False
Office_Depot_Dell_Series_1_Remanufactured_Ink_Cartridge_TriColor,9,4.7,0.31,0.45,0.23,0.15,0.24,0.24,129.1,False
Office_Depot_Dell_Series_5_Remanufactured_Ink_Cartridge_Black,9,6.1,0.31,0.61,0.24,0.33,0.37,0.37,143.8,False
Office_Depot_Dell_Series_9_Color_Ink_Ink_Cartridge_MK991_MK993,6,4.4,0.31,0.59,0.13,0.33,0.42,0.42,145.6,False
Office_Depot_Dell_Series_9_Ink_Cartridge_Black_MK992,8,4.3,0.32,0.44,0.11,0.17,0.13,0.17,135.8,False
Office_Depot_HP_2_Remanufactured_Ink_Cartridges_Color_Cyan_Magenta_Yellow_3_count,6,3.8,0.35,0.38,0.12,0.16,0.15,0.16,161.4,False
Office_Depot_HP_564XL_Ink_Cartridge_Black_CN684WN,7,4.4,0.31,0.63,0.25,0.16,0.16,0.25,136.5,False
Office_Depot_HP_564XL_Remanufactured_Ink_Cartridges_Color_Cyan_Magenta_Yellow_3_count,6,5.3,0.23,0.61,0.15,0.12,0.12,0.15,156.4,False
Office_Depot_HP_61Tricolor_Ink_Cartridge,8,4.5,0.31,0.64,0.38,0.15,0.34,0.38,136.9,False
Office_Depot_HP_71_Remanufactured_Ink_Cartridge_Black,8,4.7,0.31,0.56,0.18,0.14,0.35,0.35,124.7,False
Office_Depot_HP_74XL75_Remanufactured_Ink_Cartridges_BlackTriColor_2_count,6,5.7,0.2,0.68,0.1,0.29,0.09,0.29,130.4,False
Office_Depot_HP_75_Remanufactured_Ink_Cartridge_TriColor,8,5.2,0.31,0.44,0.31,0.38,0.52,0.52,164.0,False
Office_Depot_HP_920XL_920_High_Yield_Black_and_Standard_CMY_Color_Ink_Cartridges,6,5.7,0.2,0.96,0.09,0.14,0.15,0.15,120.4,True
Office_Depot_HP_932XL_Ink_Cartridge_Black_CN053A,7,4.4,0.31,0.49,0.2,0.09,0.28,0.28,128.5,False
Office_Depot_HP_950XL_Ink_Cartridge_Black_CN045AN,7,4.5,0.31,0.62,0.09,0.14,0.29,0.29,130.3,False
Office_Depot_HP_96_Remanufactured_Ink_Cartridge_Black,7,5.1,0.33,0.43,0.15,0.1,0.09,0.15,163.5,False
Office_Depot_HP_98_Remanufactured_Ink_Cartridge_Black,5,3.7,0.35,0.35,0.18,0.1,0.09,0.18,164.7,False
Orbit_Bubblemint_Mini_Bottle_6_ct,6,4.0,0.33,0.46,0.42,0.14,0.16,0.42,226.5,False
Organic_Whey_Protein_Unflavored,17,13.1,0.16,0.68,0.56,0.77,0.82,0.82,180.6,True
Organic_Whey_Protein_Vanilla,11,8.4,0.21,0.7,0.56,0.79,0.8,0.8,180.8,True
Ortho_Forward_Facing_CkAW6rL25xH,15,9.8,0.2,0.8,0.8,0.76,0.8,0.8,314.0,True
PEEKABOO_ROLLER,9,5.4,0.27,0.69,0.35,0.65,0.22,0.65,72.9,False
PEPSI_NEXT_CACRV,5,4.2,0.26,0.44,0.04,0.17,0.13,0.17,426.6,False
PINEAPPLE_MARACA_6_PCSSET,8,6.9,0.18,0.53,0.93,1.0,0.65,1.0,108.3,False
Paint_Maker,6,5.1,0.27,0.61,0.08,0.08,0.08,0.08,249.4,False
Paper_Mario_Sticker_Star_Nintendo_3DS_Game,2,2.0,0.5,0.1,0.03,0.03,0.03,0.03,156.3,False
Pass_The_Popcorn_Movie_Guessing_Game,6,3.1,0.4,0.22,0.04,0.07,0.04,0.07,291.8,False
Pennington_Electric_Pot_Cabana_4,11,4.7,0.42,0.95,0.33,0.89,0.75,0.89,105.5,True
Pepsi_Caffeine_Free_Diet_12_CT,6,4.4,0.25,0.47,0.04,0.13,0.15,0.15,423.3,False
Pepsi_Cola_Caffeine_Free_12_12_fl_oz_355_ml_cans_144_fl_oz_426_lt,6,4.4,0.24,0.39,0.04,0.12,0.19,0.19,423.1,False
Pepsi_Cola_Wild_Cherry_Diet_12_12_fl_oz_355_ml_cans_144_fl_oz_426_lt,7,4.9,0.25,0.41,0.04,0.11,0.1,0.11,424.4,False
Pepsi_Max_Cola_Zero_Calorie_12_12_fl_oz_355_ml_cans_144_fl_oz_426_lt,5,4.2,0.26,0.47,0.3,0.45,0.14,0.45,428.3,False
Perricoen_MD_No_Concealer_Concealer,6,4.6,0.26,0.54,0.06,0.13,0.33,0.33,119.6,False
Perricone_MD_AcylGlutathione_Deep_Crease_Serum,9,5.5,0.26,0.7,0.15,0.2,0.15,0.2,111.5,False
Perricone_MD_AcylGlutathione_Eye_Lid_Serum,8,6.6,0.26,0.72,0.2,0.36,0.46,0.46,120.3,True
Perricone_MD_Best_of_Perricone_7Piece_Collection_MEGsO6GIsyL,7,4.8,0.33,0.29,0.03,0.11,0.1,0.11,312.0,False
Perricone_MD_Blue_Plasma_Orbital,6,4.9,0.28,0.45,0.13,0.13,0.19,0.19,127.9,False
Perricone_MD_Chia_Serum,6,4.4,0.29,0.44,0.05,0.1,0.15,0.15,128.5,False
Perricone_MD_Cold_Plasma,7,5.2,0.27,0.6,0.09,0.1,0.19,0.19,116.8,False
Perricone_MD_Cold_Plasma_Body,8,5.4,0.27,0.49,0.34,0.4,0.19,0.4,169.3,False
Perricone_MD_Face_Finishing_Moisturizer,6,5.9,0.19,0.87,0.29,0.16,0.15,0.29,89.6,True
Perricone_MD_Face_Finishing_Moisturizer_4_oz,7,5.5,0.25,0.55,0.12,0.12,0.21,0.21,96.9,False
Perricone_MD_Firming_Neck_Therapy_Treatment,7,6.5,0.19,0.73,0.29,0.26,0.18,0.29,87.9,True
Perricone_MD_Health_Weight_Management_Supplements,7,6.0,0.23,0.65,0.13,0.14,0.11,0.14,235.8,False
Perricone_MD_High_Potency_Evening_Repair,7,4.6,0.3,0.4,0.41,0.44,0.16,0.44,129.4,False
Perricone_MD_Hypoallergenic_Firming_Eye_Cream_05_oz,7,6.7,0.2,0.91,0.25,0.09,0.4,0.4,63.5,True
Perricone_MD_Hypoallergenic_Gentle_Cleanser,7,4.7,0.27,0.51,0.07,0.13,0.18,0.18,170.6,False
Perricone_MD_Neuropeptide_Facial_Conformer,6,4.2,0.31,0.41,0.15,0.15,0.3,0.3,134.1,False
Perricone_MD_Neuropeptide_Firming_Moisturizer,6,5.9,0.19,0.97,0.09,0.13,0.14,0.14,79.0,True
Perricone_MD_No_Bronzer_Bronzer,7,4.7,0.27,0.56,0.1,0.17,0.18,0.18,111.9,False
Perricone_MD_No_Foundation_Foundation_No_1,6,4.5,0.3,0.44,0.05,0.1,0.1,0.1,129.8,False
Perricone_MD_No_Foundation_Serum,7,4.6,0.29,0.39,0.13,0.14,0.25,0.25,132.7,False
Perricone_MD_No_Lipstick_Lipstick,6,5.1,0.25,0.63,0.25,0.25,0.3,0.3,93.3,False
Perricone_MD_No_Mascara_Mascara,6,4.3,0.27,0.4,0.31,0.35,0.14,0.35,137.5,False
Perricone_MD_Nutritive_Cleanser,6,4.6,0.28,0.46,0.06,0.14,0.19,0.19,160.1,False
Perricone_MD_OVM,8,6.4,0.27,0.54,0.1,0.22,0.19,0.22,122.4,False
Perricone_MD_Omega_3_Supplements,8,6.1,0.22,0.82,0.2,0.44,0.52,0.52,143.0,True
Perricone_MD_Photo_Plasma,6,5.0,0.28,0.57,0.1,0.09,0.2,0.2,120.4,False
Perricone_MD_Skin_Clear_Supplements,6,5.1,0.26,0.52,0.09,0.1,0.08,0.1,190.4,False
Perricone_MD_Skin_Total_Body_Supplements,6,5.7,0.19,0.9,0.11,0.15,0.16,0.16,211.0,True
Perricone_MD_Super_Berry_Powder_with_Acai_Supplements,7,6.0,0.21,0.63,0.09,0.09,0.19,0.19,166.1,False
Perricone_MD_The_Cold_Plasma_Face_Eyes_Duo,7,4.8,0.29,0.52,0.11,0.12,0.09,0.12,164.8,False
Perricone_MD_The_Crease_Cure_Duo,6,4.1,0.32,0.42,0.36,0.08,0.08,0.36,176.6,False
Perricone_MD_The_Metabolic_Formula_Supplements,7,5.8,0.22,0.75,0.09,0.13,0.14,0.14,188.9,True
Perricone_MD_The_Power_Treatments,5,2.9,0.41,0.25,0.05,0.47,0.17,0.47,210.1,False
Perricone_MD_Vitamin_C_Ester_15,8,5.2,0.25,0.67,0.08,0.18,0.35,0.35,144.5,False
Perricone_MD_Vitamin_C_Ester_Serum,6,5.0,0.26,0.62,0.08,0.09,0.11,0.11,111.4,False
Persona_Q_Shadow_of_the_Labyrinth_Nintendo_3DS,6,2.5,0.45,0.18,0.04,0.04,0.06,0.06,140.9,False
Pet_Dophilus_powder,11,8.6,0.2,0.53,0.68,0.75,0.79,0.79,113.9,True
Philips_60ct_Warm_White_LED_Smooth_Mini_String_Lights,7,4.0,0.33,0.36,0.28,0.1,0.17,0.28,278.3,False
Philips_EcoVantage_43_W_Light_Bulbs_Natural_Light_2_pack,6,5.1,0.26,0.5,0.13,0.21,0.09,0.21,151.0,False
Philips_Sonicare_Tooth_Brush_2_count,6,4.4,0.31,0.45,0.06,0.08,0.08,0.08,248.7,False
Phillips_Caplets_Size_24,7,4.8,0.29,0.52,0.07,0.08,0.08,0.08,86.0,False
Phillips_Colon_Health_Probiotic_Capsule,8,4.8,0.3,0.4,0.12,0.12,0.16,0.16,150.9,False
Phillips_Milk_of_Magnesia_Saline_Laxative_Liquid_Original,10,7.0,0.2,0.36,0.32,0.45,0.48,0.48,181.7,False
Phillips_Stool_Softener_Liquid_Gels_30_liquid_gels,6,4.6,0.3,0.52,0.09,0.1,0.18,0.18,101.7,False
PhosphOmega,12,9.9,0.18,0.55,0.63,0.81,0.73,0.81,121.3,True
Pokmon_Conquest_Nintendo_DS_Game,2,2.0,0.5,0.11,0.03,0.05,0.03,0.05,163.3,False
Pokmon_X_Nintendo_3DS_Game,2,2.0,0.5,0.08,0.01,0.0,0.02,0.02,174.1,False
Pokmon_Y_Nintendo_3DS_Game,2,2.0,0.5,0.11,0.0,0.01,0.02,0.02,140.7,False
Pokémon_Omega_Ruby_Alpha_Sapphire_Dual_Pack_Nintendo_3DS,6,2.8,0.42,0.22,0.03,0.44,0.13,0.44,142.1,False
Polar_Herring_Fillets_Smoked_Peppered_705_oz_total,4,2.9,0.4,0.24,0.03,0.07,0.26,0.26,159.7,False
Prostate_Optimizer,17,12.1,0.15,0.56,0.27,0.75,0.76,0.76,116.7,True
QAbsorb_CoQ10,16,13.7,0.11,0.57,0.33,0.86,0.83,0.86,108.0,True
QAbsorb_CoQ10_53iUqjWjW3O,15,12.1,0.15,0.58,0.22,0.65,0.61,0.65,109.8,True
QHPomegranate,15,12.7,0.14,0.57,0.4,0.86,0.84,0.86,104.4,True
Quercetin_500,14,12.6,0.12,0.57,0.52,0.84,0.92,0.92,155.7,True
Razer_Kraken_71_Chroma_headset_Full_size_Black,6,4.4,0.32,0.42,0.13,0.13,0.12,0.13,320.5,False
Razer_Kraken_Pro_headset_Full_size_Black,9,5.1,0.33,0.41,0.59,0.44,0.42,0.59,309.6,False
Razer_Naga_MMO_Gaming_Mouse,5,3.4,0.41,0.2,0.33,1.0,0.34,1.0,259.6,False
Razer_Taipan_Black_Ambidextrous_Gaming_Mouse,2,2.0,0.56,0.22,0.58,0.05,0.05,0.58,186.2,False
Razer_Taipan_White_Ambidextrous_Gaming_Mouse,2,2.0,0.57,0.21,0.3,0.09,0.13,0.3,192.0,False
ReadytoUse_Rolled_Fondant_Pure_White_24_oz_box,7,4.5,0.36,0.38,0.19,0.14,0.1,0.19,205.1,False
RedBlack_Nintendo_3DSXL,5,3.2,0.43,0.29,0.29,0.29,0.06,0.29,200.9,False
Remington_1_12_inch_Hair_Straightener,6,3.6,0.44,0.16,0.34,0.97,0.37,0.97,377.4,False
Remington_TStudio_Hair_Dryer,2,2.0,0.51,0.27,0.51,0.52,0.08,0.52,331.7,False
Remington_TStudio_Silk_Ceramic_Hair_Straightener_2_Inch_Floating_Plates,3,2.9,0.43,0.21,0.31,0.73,0.31,0.73,340.0,False
Room_Essentials_Bowl_Turquiose,6,2.4,0.58,0.64,0.52,0.65,0.25,0.65,162.8,False
Room_Essentials_Dish_Drainer_Collapsible_White,2,2.0,0.58,0.2,0.0,0.01,0.03,0.03,384.0,False
Room_Essentials_Fabric_Cube_Lavender,6,6.0,0.17,0.87,0.15,0.18,0.16,0.18,401.1,True
Room_Essentials_Mug_White_Yellow,5,3.4,0.36,0.69,0.5,0.7,0.29,0.7,127.3,False
Room_Essentials_Salad_Plate_Turquoise,2,2.0,0.53,0.15,0.0,0.0,0.03,0.03,234.3,False
SAMe_200,5,3.6,0.35,0.4,0.07,0.18,0.37,0.37,176.4,False
SAMe_200_KX7ZmOw47co,6,4.3,0.31,0.45,0.13,0.13,0.29,0.29,146.7,False
SAPPHIRE_R7_260X_OC,7,3.2,0.39,0.28,0.11,0.14,0.12,0.14,317.9,False
SCHOOL_BUS,5,4.7,0.25,0.45,0.64,0.45,0.49,0.64,106.4,False
Saccharomyces_Boulardii_MOS_Value_Size,15,12.7,0.14,0.54,0.88,0.9,0.95,0.95,145.7,True
Samsung_CLTC406S_Toner_Cartridge_Cyan_1pack,7,3.6,0.36,0.26,0.04,0.09,0.08,0.09,421.5,False
Sapota_Threshold_4_Ceramic_Round_Planter_Red,15,8.2,0.28,0.91,0.24,0.67,0.92,0.92,105.7,True
Schleich_African_Black_Rhino,5,3.2,0.45,0.32,0.53,0.71,0.33,0.71,144.3,False
Schleich_Allosaurus,7,3.2,0.5,0.28,0.6,0.62,0.15,0.62,236.6,False
Schleich_Bald_Eagle,8,5.2,0.31,0.63,0.36,0.23,0.26,0.36,107.1,False
Schleich_Hereford_Bull,3,2.3,0.47,0.36,0.53,0.96,0.63,0.96,139.8,False
Schleich_Lion_Action_Figure,6,4.1,0.37,0.38,0.11,0.67,0.22,0.67,131.5,False
Schleich_S_Bayala_Unicorn_70432,4,2.5,0.46,0.34,0.54,0.9,0.31,0.9,172.7,False
Schleich_Spinosaurus_Action_Figure,5,2.7,0.45,0.32,0.52,0.31,0.2,0.52,274.9,False
Schleich_Therizinosaurus_ln9cruulPqc,4,3.6,0.34,0.45,0.5,0.41,0.22,0.5,254.9,False
Sea_to_Summit_Xl_Bowl,2,2.0,0.57,0.23,0.05,0.01,0.05,0.05,190.5,False
Seagate_1TB_Backup_Plus_portable_drive_Blue,2,2.0,0.51,0.16,0.01,0.05,0.07,0.07,138.3,False
Seagate_1TB_Backup_Plus_portable_drive_Silver,3,2.1,0.5,0.16,0.03,0.06,0.07,0.07,135.3,False
Seagate_1TB_Backup_Plus_portable_drive_for_Mac,4,2.2,0.48,0.17,0.05,0.05,0.11,0.11,136.4,False
Seagate_1TB_Wireless_Plus_mobile_device_storage,3,2.1,0.5,0.18,0.53,0.06,0.05,0.53,151.1,False
Seagate_3TB_Central_shared_storage,2,1.9,0.58,0.19,0.13,0.17,0.19,0.19,257.4,False
Seagate_Archive_HDD_8_TB_Internal_hard_drive_SATA_6Gbs_35_ST8000AS0002,5,2.5,0.45,0.26,0.04,0.1,0.18,0.18,167.3,False
Shurtape_30_Day_Removal_UV_Delct_15,2,2.0,0.5,0.38,0.29,0.3,0.1,0.3,125.7,False
Shurtape_Gaffers_Tape_Silver_2_x_60_yd,4,2.2,0.47,0.37,0.3,0.29,0.12,0.3,160.7,False
Shurtape_Tape_Purple_CP28,8,3.0,0.41,0.46,0.4,0.37,0.19,0.4,126.3,False
Sleep_Optimizer,4,2.4,0.46,0.2,0.01,0.09,0.1,0.1,153.5,False
Smith_Hawken_Woven_BasketTray_Organizer_with_3_Compartments_95_x_9_x_13,6,3.7,0.39,0.62,0.23,0.51,0.13,0.51,416.0,False
Snack_Catcher_Snack_Dispenser,9,6.9,0.22,0.7,0.55,0.48,0.64,0.64,139.9,False
Sonicare_2_Series_Toothbrush_Plaque_Control,7,4.5,0.3,0.53,0.07,0.1,0.16,0.16,265.6,False
Sony_Acid_Music_Studio,7,2.8,0.42,0.24,0.08,0.09,0.12,0.12,214.1,False
Sony_Downloadable_Loops,5,2.5,0.44,0.21,0.06,0.15,0.13,0.15,238.8,False
Sorry_Sliders_Board_Game,5,2.4,0.47,0.19,0.06,0.12,0.12,0.12,432.0,False
Spritz_Easter_Basket_Plastic_Teal,13,6.3,0.28,0.91,0.53,0.52,0.48,0.53,199.3,True
Star_Wars_Rogue_Squadron_Nintendo_64,3,2.2,0.49,0.24,0.07,0.1,0.1,0.1,131.6,False
Sterilite_Caddy_Blue_Sky_17_58_x_12_58_x_9_14,7,5.5,0.26,0.53,0.7,0.34,0.11,0.7,464.4,False
Super_Mario_3D_World_Deluxe_Set,2,2.0,0.56,0.19,0.05,0.28,0.12,0.28,269.0,False
Super_Mario_3D_World_Deluxe_Set_yThuvW9vZed,3,2.1,0.49,0.14,0.49,0.51,0.07,0.51,483.2,False
Super_Mario_3D_World_Wii_U_Game,2,2.0,0.51,0.08,0.02,0.01,0.02,0.02,200.9,False
Super_Mario_Kart_Super_Nintendo_Entertainment_System,2,2.0,0.53,0.17,0.05,0.08,0.1,0.1,150.3,False
Supernatural_Ouija_Board_Game,3,2.1,0.5,0.18,0.07,0.05,0.07,0.07,431.4,False
Swiss_Miss_Hot_Cocoa_KCups_Milk_Chocolate_12_count,6,5.5,0.2,0.9,0.09,0.2,0.19,0.2,162.9,True
Target_Basket_Medium,6,5.8,0.22,0.74,0.15,0.17,0.13,0.17,358.9,True
Tena_Pads_Heavy_Long_42_pads,5,2.7,0.43,0.34,0.07,0.1,0.17,0.17,392.1,False
Tetris_Link_Game,7,3.2,0.39,0.27,0.09,0.09,0.1,0.1,390.8,False
The_Coffee_Bean_Tea_Leaf_KCup_Packs_Jasmine_Green_Tea_16_count,6,5.3,0.25,0.61,0.14,0.14,0.22,0.22,206.9,False
Theanine,19,15.0,0.12,0.56,0.28,0.81,0.83,0.83,103.8,True
Thomas_Friends_Woodan_Railway_Henry,4,3.3,0.37,0.23,0.56,0.47,0.37,0.56,184.7,False
Thomas_Friends_Wooden_Railway_Ascending_Track_Riser_Pack,4,2.6,0.46,0.18,0.12,0.14,0.13,0.14,441.9,False
Thomas_Friends_Wooden_Railway_Porter_5JzRhMm3a9o,4,2.9,0.41,0.51,0.37,0.34,0.23,0.37,92.0,False
Threshold_Bamboo_Ceramic_Soap_Dish,7,4.0,0.39,0.42,0.15,0.1,0.25,0.25,124.5,False
Threshold_Bead_Cereal_Bowl_White,2,1.9,0.64,0.43,0.55,0.53,0.07,0.55,178.2,False
Threshold_Bistro_Ceramic_Dinner_Plate_Ruby_Ring,2,2.0,0.52,0.13,0.0,0.0,0.02,0.02,289.0,False
Threshold_Dinner_Plate_Square_Rim_White_Porcelain,2,2.0,0.54,0.11,0.01,0.0,0.02,0.02,332.8,False
Threshold_Porcelain_Coffee_Mug_All_Over_Bead_White,5,3.5,0.42,0.88,0.47,1.0,0.25,1.0,135.9,True
Threshold_Porcelain_Pitcher_White,5,3.0,0.48,0.51,0.27,0.92,0.46,0.92,328.7,False
Threshold_Porcelain_Serving_Bowl_Coupe_White,2,1.9,0.61,0.34,0.47,0.46,0.06,0.47,218.7,False
Threshold_Porcelain_Spoon_Rest_White,7,4.3,0.38,0.34,0.62,0.94,0.58,0.94,245.0,False
Threshold_Porcelain_Teapot_White,11,6.9,0.28,0.84,0.63,0.68,0.78,0.78,170.1,True
Threshold_Ramekin_White_Porcelain,8,3.1,0.43,0.63,0.43,0.4,0.24,0.43,121.4,False
Threshold_Salad_Plate_Square_Rim_Porcelain,2,2.0,0.55,0.11,0.01,0.01,0.02,0.02,286.0,False
Threshold_Tray_Rectangle_Porcelain,2,2.0,0.55,0.13,0.0,0.01,0.03,0.03,333.8,False
Top_Paw_Dog_Bow_Bone_Ceramic_13_fl_oz_total,4,2.3,0.51,0.42,0.37,0.37,0.16,0.37,193.7,False
Top_Paw_Dog_Bowl_Blue_Paw_Bone_Ceramic_25_fl_oz_total,4,2.3,0.47,0.44,0.38,0.33,0.12,0.38,160.8,False
Travel_Mate_P_series_Notebook,5,3.2,0.43,0.26,0.32,0.31,0.06,0.32,504.3,False
Travel_Smart_Neck_Rest_Inflatable,5,2.8,0.42,0.24,0.07,0.14,0.2,0.2,189.5,False
TriStar_Products_PPC_Power_Pressure_Cooker_XL_in_Black,12,8.8,0.17,0.87,0.37,0.57,0.6,0.6,338.4,True
Tune_Belt_Sport_Armband_For_Samsung_Galaxy_S3,5,2.8,0.43,0.27,0.04,0.08,0.1,0.1,237.3,False
Twinlab_100_Whey_Protein_Fuel_Chocolate,11,9.7,0.16,0.59,0.88,0.92,0.79,0.92,285.0,True
Twinlab_100_Whey_Protein_Fuel_Cookies_and_Cream,9,7.7,0.19,0.6,0.34,0.89,0.85,0.89,263.8,False
Twinlab_100_Whey_Protein_Fuel_Vanilla,9,8.0,0.19,0.59,0.43,0.9,0.76,0.9,267.4,False
Twinlab_Nitric_Fuel,19,14.8,0.14,0.54,0.38,0.74,0.87,0.87,120.8,True
Twinlab_Premium_Creatine_Fuel_Powder,19,16.1,0.1,0.54,0.27,0.85,0.87,0.87,118.9,True
U_By_Kotex_Cleanwear_Heavy_Flow_Pads_32_Ct,6,5.4,0.23,0.6,0.08,0.1,0.08,0.1,197.5,False
U_By_Kotex_Sleek_Regular_Unscented_Tampons_36_Ct_Box,6,5.4,0.23,0.67,0.08,0.1,0.09,0.1,157.1,False
Ultra_JarroDophilus,8,6.0,0.22,0.69,0.2,0.18,0.23,0.23,128.4,False
Unmellow_Yellow_Tieks_Neon_Patent_Leather_Ballet_Flats,9,6.0,0.27,0.35,0.45,0.38,0.34,0.45,250.5,False
Utana_5_Porcelain_Ramekin_Large,10,3.8,0.39,0.62,0.47,0.53,0.41,0.53,137.2,False
VANS_FIRE_ROASTED_VEGGIE_CRACKERS_GLUTEN_FREE,7,3.5,0.37,0.3,0.12,0.22,0.12,0.22,247.8,False
Vans_Cereal_Honey_Nut_Crunch_11_oz_box,3,2.2,0.5,0.32,0.06,0.12,0.15,0.15,304.5,False
Victor_Reversible_Bookend,5,4.2,0.31,0.37,0.18,0.39,0.08,0.39,330.0,False
WHALE_WHISTLE_6PCS_SET,4,2.6,0.54,0.57,0.86,1.0,0.25,1.0,78.6,False
Weston_No_22_Cajun_Jerky_Tonic_12_fl_oz_nLj64ZnGwDh,20,15.0,0.16,0.32,0.97,0.89,0.8,0.97,207.9,True
Weston_No_33_Signature_Sausage_Tonic_12_fl_oz,20,15.4,0.13,0.31,0.55,0.89,0.9,0.9,207.1,True
Whey_Protein_3_Flavor_Variety_Pack_12_Packets,7,6.4,0.24,0.58,0.14,0.14,0.14,0.14,213.2,False
Whey_Protein_Chocolate_12_Packets,7,5.6,0.25,0.62,0.09,0.09,0.08,0.09,169.6,False
Whey_Protein_Vanilla,12,9.3,0.2,0.7,0.52,0.82,0.78,0.82,179.8,True
Whey_Protein_Vanilla_12_Packets,6,5.4,0.25,0.59,0.1,0.1,0.08,0.1,182.3,False
Wilton_Easy_Layers_Cake_Pan_Set,5,2.7,0.45,0.21,0.07,0.07,0.09,0.09,246.1,False
Wilton_Pearlized_Sugar_Sprinkles_525_oz_Gold,13,11.5,0.11,0.38,0.35,0.46,0.65,0.65,142.0,True
Wilton_PreCut_Parchment_Sheets_10_x_15_24_sheets,4,4.0,0.27,0.25,0.29,0.22,0.17,0.29,284.0,False
Winning_Moves_1180_Aggravation_Board_Game,4,2.4,0.46,0.13,0.03,0.06,0.12,0.12,526.1,False
Womens_Multi_13,19,17.0,0.08,0.55,0.36,0.76,0.8,0.8,121.4,True
Wrigley_Orbit_Mint_Variety_18_Count,6,2.9,0.41,0.2,0.04,0.1,0.05,0.1,254.4,False
Xyli_Pure_Xylitol,20,17.9,0.1,0.72,0.58,0.78,0.79,0.79,166.5,True
YumYum_D3_Liquid,7,5.7,0.25,0.47,0.29,0.31,0.55,0.55,107.6,False
